/*
SQLyog Ultimate v11.24 (32 bit)
MySQL - 5.7.15 : Database - zhongyi
*********************************************************************
*/

/*!40101 SET NAMES utf8 */;

/*!40101 SET SQL_MODE=''*/;

/*!40014 SET @OLD_UNIQUE_CHECKS=@@UNIQUE_CHECKS, UNIQUE_CHECKS=0 */;
/*!40014 SET @OLD_FOREIGN_KEY_CHECKS=@@FOREIGN_KEY_CHECKS, FOREIGN_KEY_CHECKS=0 */;
/*!40101 SET @OLD_SQL_MODE=@@SQL_MODE, SQL_MODE='NO_AUTO_VALUE_ON_ZERO' */;
/*!40111 SET @OLD_SQL_NOTES=@@SQL_NOTES, SQL_NOTES=0 */;
CREATE DATABASE /*!32312 IF NOT EXISTS*/`zhongyi` /*!40100 DEFAULT CHARACTER SET utf8mb4 */;

USE `zhongyi`;

/*Table structure for table `sheet1$` */

DROP TABLE IF EXISTS `sheet1$`;

CREATE TABLE `sheet1$` (
  `王青` varchar(255) DEFAULT NULL
) ENGINE=InnoDB DEFAULT CHARSET=utf8;

/*Data for the table `sheet1$` */

insert  into `sheet1$`(`王青`) values ('翁际渊'),('陈晓贝'),('郑刚超'),('陈超军'),('熊小红'),('陈磊'),('钟于洋'),('刘毅'),('陈钊增'),('孙健超'),('郑尚涛'),('范娇君'),('章佳文'),('吴美杰'),('陈德藏'),('李倩'),('王小明'),('褚震'),('胡亚芬'),('吴烨铿'),('廖桂陶'),('沈辰辰'),('宋康康'),('樊怡娴'),('何小燕'),('鲁升翔'),('吴方明'),('施晓军'),('朱华斌'),('施骏迪'),('冯建林'),('丁凯翔');

/*Table structure for table `t_department` */

DROP TABLE IF EXISTS `t_department`;

CREATE TABLE `t_department` (
  `id` int(10) unsigned NOT NULL AUTO_INCREMENT,
  `name` varchar(100) DEFAULT NULL,
  `pid` int(10) unsigned NOT NULL,
  `gmt_create` timestamp NULL DEFAULT NULL,
  `gmt_modified` timestamp NULL DEFAULT NULL,
  PRIMARY KEY (`id`)
) ENGINE=InnoDB AUTO_INCREMENT=12 DEFAULT CHARSET=utf8mb4;

/*Data for the table `t_department` */

insert  into `t_department`(`id`,`name`,`pid`,`gmt_create`,`gmt_modified`) values (5,'环境',0,NULL,NULL),(6,'辐环',0,NULL,NULL),(7,'公共卫生',6,NULL,NULL),(8,'室内空气',6,NULL,NULL),(9,'职卫',0,NULL,NULL),(10,'放射',6,NULL,NULL),(11,'节能',0,NULL,NULL);

/*Table structure for table `t_group` */

DROP TABLE IF EXISTS `t_group`;

CREATE TABLE `t_group` (
  `id` int(10) unsigned NOT NULL AUTO_INCREMENT,
  `name` varchar(100) DEFAULT NULL,
  `gmt_create` datetime DEFAULT NULL,
  `gmt_modified` datetime DEFAULT NULL,
  PRIMARY KEY (`id`)
) ENGINE=InnoDB AUTO_INCREMENT=13 DEFAULT CHARSET=utf8mb4;

/*Data for the table `t_group` */

insert  into `t_group`(`id`,`name`,`gmt_create`,`gmt_modified`) values (10,'qqqq',NULL,NULL),(12,'ssss',NULL,NULL);

/*Table structure for table `t_group_member` */

DROP TABLE IF EXISTS `t_group_member`;

CREATE TABLE `t_group_member` (
  `id` int(10) unsigned NOT NULL AUTO_INCREMENT,
  `group_id` int(10) unsigned DEFAULT NULL,
  `user_id` int(10) unsigned DEFAULT NULL,
  PRIMARY KEY (`id`)
) ENGINE=InnoDB AUTO_INCREMENT=10 DEFAULT CHARSET=utf8mb4;

/*Data for the table `t_group_member` */

insert  into `t_group_member`(`id`,`group_id`,`user_id`) values (8,10,2),(9,12,1);

/*Table structure for table `t_invoice` */

DROP TABLE IF EXISTS `t_invoice`;

CREATE TABLE `t_invoice` (
  `id` int(10) unsigned NOT NULL AUTO_INCREMENT,
  `task_id` varchar(100) NOT NULL,
  `contract_number` varchar(100) NOT NULL,
  `invoice_date` datetime NOT NULL,
  `credit_type` varchar(20) NOT NULL,
  `credit_limit` varchar(20) NOT NULL,
  `invoice_number` varchar(50) NOT NULL,
  `invoice_office` varchar(100) NOT NULL,
  `department_name` varchar(20) NOT NULL,
  `dep_id` int(11) NOT NULL,
  `invoice_project` varchar(100) NOT NULL,
  `contract_amount` double NOT NULL,
  `invoice_amount` double NOT NULL,
  `no_tax_amount` double NOT NULL,
  `contract_user` varchar(30) NOT NULL,
  `user_id` int(11) NOT NULL,
  `invoice_signatory` varchar(20) DEFAULT NULL,
  `invoice_signatory_date` datetime DEFAULT NULL,
  `report_number` varchar(100) DEFAULT NULL,
  `report_date` datetime DEFAULT NULL,
  `received_date` datetime DEFAULT NULL,
  `received_amount` double DEFAULT NULL,
  `no_received_amount` double DEFAULT NULL,
  `invoice_type` varchar(20) DEFAULT NULL,
  `descprition` varchar(255) DEFAULT NULL,
  PRIMARY KEY (`id`),
  UNIQUE KEY `task_id` (`task_id`,`invoice_number`)
) ENGINE=InnoDB AUTO_INCREMENT=277 DEFAULT CHARSET=utf8mb4;

/*Data for the table `t_invoice` */

insert  into `t_invoice`(`id`,`task_id`,`contract_number`,`invoice_date`,`credit_type`,`credit_limit`,`invoice_number`,`invoice_office`,`department_name`,`dep_id`,`invoice_project`,`contract_amount`,`invoice_amount`,`no_tax_amount`,`contract_user`,`user_id`,`invoice_signatory`,`invoice_signatory_date`,`report_number`,`report_date`,`received_date`,`received_amount`,`no_received_amount`,`invoice_type`,`descprition`) values (1,'HS184043','HS184043','2019-01-02 00:00:00','企业','3个月','05672454','宁波大禹水处理设备有限公司','环境-环境',5,'环境-环境',200,200,188.67924528301887,'杨正',4,NULL,NULL,NULL,NULL,'2018-11-02 00:00:00',200,0,'专',NULL),(2,'JC181287','JC181287','2019-01-02 00:00:00','企业','3个月','05672468','宁波市北仑欧绿乙炔制造有限公司','职卫-职卫',9,'职卫-职卫',3000,3000,2830.188679245283,'徐磊杰',5,NULL,NULL,NULL,NULL,'2019-01-26 00:00:00',3000,0,'专',NULL),(3,'JC181332','JC181332','2019-01-02 00:00:00','企业','3个月','05672473','宁波市镇海压铸厂','职卫-职卫',9,'职卫-职卫',5000,5000,4716.981132075472,'郑刚超',10,NULL,NULL,NULL,NULL,'2019-01-26 00:00:00',5000,0,'专',NULL),(4,'JC181324','JC181324','2019-01-02 00:00:00','企业','3个月','05672474','宁波丽泰制衣有限公司','职卫-职卫',9,'职卫-职卫',3500,3500,3301.88679245283,'徐磊杰',5,NULL,NULL,NULL,NULL,'2019-01-26 00:00:00',3500,0,'专',NULL),(5,'R18-0630','FJ-2018-0438','2019-01-02 00:00:00','企业','3个月','05672475','宁波长阳科技股份有限公司','辐环-放射',10,'放射卫生',1000,1000,943.3962264150942,'陈超军',11,NULL,NULL,NULL,NULL,'2019-01-26 00:00:00',1000,0,'专',NULL),(6,'HY180143','HY180143','2019-01-02 00:00:00','企业','3个月','05672476','知豆电动汽车技术集成有限公司','环境-环境',5,'环境-环境',10500,10500,9905.66037735849,'钟于洋',14,NULL,NULL,NULL,NULL,NULL,0,10500,'专',NULL),(7,'HS184856','HS184856','2019-01-02 00:00:00','企业','3个月','05672478','浙江华标检测技术有限公司','环境-环境',5,'环境-环境',900,900,849.0566037735848,'沈辰辰',29,NULL,NULL,NULL,NULL,'2019-01-09 00:00:00',900,0,'专',NULL),(8,'S18-0152','JNJC2018-048','2019-01-02 00:00:00','企业','3个月','05672479','杭州市市政工程集团有限公司','节能-节能',11,'节能-节能',4000,4000,3773.584905660377,'吴烨铿',27,NULL,NULL,NULL,NULL,'2019-01-09 00:00:00',4000,0,'专',NULL),(9,'S18-0153','JNJC2018-053','2019-01-02 00:00:00','企业','3个月','05672480','宁波同创园林建设有限公司','节能-节能',11,'节能-节能',4000,4000,3773.584905660377,'吴烨铿',27,NULL,NULL,NULL,NULL,'2019-01-09 00:00:00',4000,0,'专',NULL),(10,'R18-0451','FJ-2018-0322','2019-01-02 00:00:00','企业','3个月','05672481','宁波大学','辐环-放射',10,'放射卫生',600,600,566.0377358490566,'樊怡娴',31,NULL,NULL,NULL,NULL,NULL,0,600,'专',NULL),(11,'R16-0432 ','FWKP2016-038','2019-01-03 00:00:00','企业','3个月','05672482','湖州浙北明州医院有限公司','辐环-放射',10,'放射卫生',-64000,-64000,-60377.35849056603,'施晓军',35,NULL,NULL,NULL,NULL,'2019-01-15 00:00:00',-64000,0,'专',NULL),(12,'R16-0433','FWKP2016-038','2019-01-03 00:00:00','企业','3个月','05672483','湖州浙北明州医院有限公司','辐环-放射',10,'放射卫生',-54000,-54000,-50943.39622641509,'施晓军',35,NULL,NULL,NULL,NULL,'2019-01-15 00:00:00',-54000,0,'专',NULL),(13,'JC181276','JC181276','2019-01-03 00:00:00','企业','3个月','05672487','台塑工业（宁波）有限公司','职卫-职卫',9,'职卫-职卫',10500,10500,9905.66037735849,'徐磊杰',5,NULL,NULL,NULL,NULL,NULL,0,10500,'专',NULL),(14,'HS184859','HS184859','2019-01-03 00:00:00','企业','3个月','05672493','宁波大榭开发区生态污水处理有限公司','环境-环境',5,'环境-环境',1350,1350,1273.5849056603772,'张莉',6,NULL,NULL,NULL,NULL,'2019-01-15 00:00:00',1350,0,'专',NULL),(15,'HY180230','HY180230','2019-01-03 00:00:00','企业','3个月','05672494','林德气体（宁波）有限公司大榭分公司','环境-环境',5,'环境-环境',5000,5000,4716.981132075472,'井瑜',7,NULL,NULL,NULL,NULL,NULL,0,5000,'专',NULL),(16,'HY180229','HY180229','2019-01-03 00:00:00','企业','3个月','05672494','林德气体（宁波）有限公司大榭分公司','环境-环境',5,'环境-环境',5000,5000,4716.981132075472,'井瑜',7,NULL,NULL,NULL,NULL,NULL,0,5000,'专',NULL),(17,'HJ185087','HJ185087','2019-01-03 00:00:00','企业','3个月','05672495','浙江欣捷建设有限公司','环境-环境',5,'环境-环境',1200,1200,1132.0754716981132,'杨正',4,NULL,NULL,NULL,NULL,'2019-01-04 00:00:00',1200,0,'专',NULL),(18,'HJ184644','HJ184644','2019-01-03 00:00:00','企业','3个月','05672496','宁波轩昂电器配件有限公司','环境-环境',5,'环境-环境',1200,1200,1132.0754716981132,'杨正',4,NULL,NULL,NULL,NULL,'2019-01-04 00:00:00',1200,0,'专',NULL),(19,'HJ185090','HJ185090','2019-01-03 00:00:00','企业','3个月','05672496','宁波轩昂电器配件有限公司','环境-环境',5,'环境-环境',1200,1200,1132.0754716981132,'杨正',4,NULL,NULL,NULL,NULL,'2019-01-04 00:00:00',1200,0,'专',NULL),(20,'JC181342','JC181342','2019-01-03 00:00:00','企业','3个月','05672497','宁波伟力精密紧固件有限公司','职卫-职卫',9,'职卫-职卫',3000,3000,2830.188679245283,'徐磊杰',5,NULL,NULL,NULL,NULL,'2019-01-04 00:00:00',3000,0,'专',NULL),(21,'HJ180753','HJ180753','2019-01-03 00:00:00','企业','3个月','05672498','宁波市鄞州繁荣建材有限公司','环境-环境',5,'环境-环境',15000,7500,7075.471698113207,'王青',8,NULL,NULL,NULL,NULL,'2019-01-04 00:00:00',7500,0,'专',NULL),(22,'HJ184396','HJ184396','2019-01-03 00:00:00','企业','3个月','05672506','宁波市海曙润霖木业有限公司','环境-环境',5,'环境-环境',10000,10000,9433.962264150943,'翁际渊',9,NULL,NULL,NULL,NULL,NULL,0,10000,'专',NULL),(23,'HJ184602','HJ184602','2019-01-03 00:00:00','企业','3个月','05672507','台州大峰野金属有限公司','环境-环境',5,'环境-环境',7500,7500,7075.471698113207,'陈晓贝',40,NULL,NULL,NULL,NULL,'2019-01-25 00:00:00',7500,0,'专',NULL),(24,'HJ184387','HJ184387','2019-01-03 00:00:00','企业','3个月','05672508','慈溪市崇寿铜业有限公司','环境-环境',5,'环境-环境',8000,8000,7547.169811320754,'杨正',4,NULL,NULL,NULL,NULL,'2019-01-25 00:00:00',8000,0,'专',NULL),(25,'ZWPJ180257','ZWPJ180257','2019-01-03 00:00:00','企业','3个月','05672509','宁波奉环再生能源有限公司','职卫-职卫',9,'职卫-职卫',65000,65000,61320.75471698113,'郑刚超',10,NULL,NULL,NULL,NULL,'2019-01-25 00:00:00',65000,0,'专',NULL),(26,'HJ184817','HJ184817','2019-01-03 00:00:00','企业','3个月','05672510','宁波海威汽车零件股份有限公司','环境-环境',5,'环境-环境',1950,1950,1839.6226415094338,'杨正',4,NULL,NULL,NULL,NULL,'2019-01-25 00:00:00',1950,0,'专',NULL),(27,'R19-0002','FJ-2019-0003','2019-01-03 00:00:00','企业','3个月','05672511','宁波鄞州艺星时代美容医院有限公司','辐环-放射',10,'放射卫生',900,900,849.0566037735848,'陈超军',11,NULL,NULL,NULL,NULL,NULL,0,900,'专',NULL),(28,'HS184793','HS184793','2019-01-03 00:00:00','企业','3个月','05672513','宁波奉化贝来钢球轴承有限公司','环境-环境',5,'环境-环境',400,400,377.35849056603774,'张莉',6,NULL,NULL,NULL,NULL,NULL,0,400,'专',NULL),(29,'P18-1791','GW-2018-1791','2019-01-04 00:00:00','企业','3个月','05672514','宁波万美酒店管理有限责任公司','辐环-公共卫生',7,'公共卫生',1500,1500,1415.0943396226414,'杨正',4,NULL,NULL,NULL,NULL,'2018-01-23 00:00:00',1500,0,'专',NULL),(30,'JC190011','JC190011','2019-01-04 00:00:00','企业','3个月','05672515','宁波市海曙建顺金属制品厂','职卫-职卫',9,'职卫-职卫',3000,3000,2830.188679245283,'杨正',4,NULL,NULL,NULL,NULL,'2018-01-23 00:00:00',3000,0,'专',NULL),(31,'A18-0234','A18-0234','2019-01-04 00:00:00','企业','3个月','05672519','余姚市久泰置业有限公司','辐环-室内空气',8,'室内空气',147000,47000,44339.622641509435,'熊小红',12,NULL,NULL,NULL,NULL,'2018-01-23 00:00:00',47000,0,'专',NULL),(32,'JC181003','JC181003','2019-01-04 00:00:00','企业','3个月','05672521','台塑工业（宁波）有限公司','职卫-职卫',9,'职卫-职卫',13000,13000,12264.150943396226,'徐磊杰',5,NULL,NULL,NULL,NULL,'2019-01-30 00:00:00',13000,0,'专',NULL),(33,'HY180248','HY180248','2019-01-04 00:00:00','企业','3个月','05672524','宁波长城电机制造厂','环境-环境',5,'环境-环境',10000,10000,9433.962264150943,'张莉',6,NULL,NULL,NULL,NULL,'2019-01-30 00:00:00',10000,0,'专',NULL),(34,'ZS181380','ZS181380','2019-01-04 00:00:00','企业','3个月','05672525','上海度标检测技术有限公司','职卫-职卫',9,'职卫-职卫',3600,3600,3396.2264150943392,'张莉',6,NULL,NULL,NULL,NULL,'2019-01-30 00:00:00',3600,0,'专',NULL),(35,'ZWPJ180243','ZWPJ180243','2019-01-04 00:00:00','企业','3个月','05672526','宁波正海汽车内饰件有限公司','职卫-职卫',9,'职卫-职卫',40000,40000,37735.84905660377,'郑刚超',10,NULL,NULL,NULL,NULL,'2019-01-30 00:00:00',40000,0,'专',NULL),(36,'P18-1821','FJ-2018-0367','2019-01-04 00:00:00','企业','3个月','05672527','宁波市海曙建顺金属制品厂','辐环-放射',10,'放射卫生',1600,1600,1509.433962264151,'杨正',4,NULL,NULL,NULL,NULL,'2019-01-30 00:00:00',1600,0,'专',NULL),(37,'JC181279','JC181279','2019-01-04 00:00:00','企业','3个月','05672528','浙江华睿海绵制品有限公司','职卫-职卫',9,'职卫-职卫',3500,3500,3301.88679245283,'陈磊',13,NULL,NULL,NULL,NULL,NULL,0,3500,'专',NULL),(38,'JC181220','JC181220','2019-01-04 00:00:00','企业','3个月','05672529','湖州永达路宝汽车销售服务有限公司','职卫-职卫',9,'职卫-职卫',3500,3500,3301.88679245283,'陈磊',13,NULL,NULL,NULL,NULL,'2018-01-15 00:00:00',3500,0,'专',NULL),(39,'JC181129','JC181129','2019-01-04 00:00:00','企业','3个月','05672530','德清华博颜料有限公司','职卫-职卫',9,'职卫-职卫',5000,5000,4716.981132075472,'陈磊',13,NULL,NULL,NULL,NULL,'2018-01-15 00:00:00',5000,0,'专',NULL),(40,'R18-0634','FJ-2019-0001','2019-01-07 00:00:00','企业','3个月','05672531','宁波市江北联诚不锈钢有限公司','辐环-放射',10,'放射卫生',2500,2500,2358.490566037736,'陈超军',11,NULL,NULL,NULL,NULL,'2018-01-15 00:00:00',2500,0,'专',NULL),(41,'R19-0008','FJ-2019-0011','2019-01-07 00:00:00','企业','3个月','05672532','宁波市鄞州中久电子有限公司','辐环-放射',10,'放射卫生',3000,3000,2830.188679245283,'陈超军',11,NULL,NULL,NULL,NULL,'2018-01-15 00:00:00',3000,0,'专',NULL),(42,'JC181251','JC181251','2019-01-07 00:00:00','企业','3个月','05672533','诸暨市永宁铸造厂','职卫-职卫',9,'职卫-职卫',6000,6000,5660.377358490566,'郑刚超',10,NULL,NULL,NULL,NULL,'2018-01-15 00:00:00',6000,0,'专',NULL),(43,'JC181317','JC181317','2019-01-07 00:00:00','企业','3个月','05672534','宁波希赫机械有限公司','职卫-职卫',9,'职卫-职卫',2800,2800,2641.509433962264,'徐磊杰',5,NULL,NULL,NULL,NULL,'2018-01-15 00:00:00',2800,0,'专',NULL),(44,'JC181335','JC181335','2019-01-07 00:00:00','企业','3个月','05672535','慈溪路德行汽车有限公司','职卫-职卫',9,'职卫-职卫',5000,5000,4716.981132075472,'钟于洋',14,NULL,NULL,NULL,NULL,'2018-01-15 00:00:00',5000,0,'专',NULL),(45,'HJ185016','HJ185016','2019-01-07 00:00:00','企业','3个月','05672536','宁波永祥环保咨询有限公司','环境-环境',5,'环境-环境',3500,3500,3301.88679245283,'刘毅',15,NULL,NULL,NULL,NULL,'2018-01-15 00:00:00',3500,0,'专',NULL),(46,'HJ184830','HJ184830','2019-01-07 00:00:00','企业','3个月','05672537','宁波永祥环保咨询有限公司','环境-环境',5,'环境-环境',6000,6000,5660.377358490566,'刘毅',15,NULL,NULL,NULL,NULL,'2018-01-15 00:00:00',6000,0,'专',NULL),(47,'R18-0214','FJ-2019-0012','2019-01-07 00:00:00','企业','3个月','05672538','江苏辐环环境科技有限公司','辐环-放射',10,'放射卫生',10000,10000,9433.962264150943,'井瑜',7,NULL,NULL,NULL,NULL,NULL,0,10000,'专',NULL),(48,'JC181336','JC181336','2019-01-07 00:00:00','企业','3个月','05672539','宁波法欧帝森木业有限公司','职卫-职卫',9,'职卫-职卫',3500,3500,3301.88679245283,'徐磊杰',5,NULL,NULL,NULL,NULL,NULL,0,3500,'专',NULL),(49,'HJ185125','HJ185125','2019-01-08 00:00:00','企业','3个月','05672540','宁波电子器材一厂','环境-环境',5,'环境-环境',1500,1500,1415.0943396226414,'徐磊杰',5,NULL,NULL,NULL,NULL,'2019-01-14 00:00:00',1500,0,'专',NULL),(50,'JC181105','JC181105','2019-01-08 00:00:00','企业','3个月','05672541','慈溪市三行喷涂厂（普通合伙）','职卫-职卫',9,'职卫-职卫',4000,4000,3773.584905660377,'钟于洋',14,NULL,NULL,NULL,NULL,NULL,0,4000,'专',NULL),(51,'R17-0459','FJ-2017-0336','2019-01-08 00:00:00','企业','3个月','05672542','宁波天翼石化重型设备有限公司','辐环-放射',10,'放射卫生',2000,2000,1886.7924528301885,'陈钊增',16,NULL,NULL,NULL,NULL,NULL,0,2000,'专',NULL),(52,'R19-0010','FJ-2018-0443','2019-01-08 00:00:00','企业','3个月','05672543','奉化凯力德机械制造有限公司','辐环-放射',10,'放射卫生',2000,2000,1886.7924528301885,'陈超军',11,NULL,NULL,NULL,NULL,'2019-01-14 00:00:00',2000,0,'专',NULL),(53,'R19-0012','FJ-2018-0435','2019-01-08 00:00:00','企业','3个月','05672544','宁波鄞州艺星时代美容医院有限公司','辐环-放射',10,'放射卫生',900,900,849.0566037735848,'陈超军',11,NULL,NULL,NULL,NULL,NULL,0,900,'专',NULL),(54,'R19-0005','FJ-2019-0008','2019-01-08 00:00:00','企业','3个月','05672545','宁波大学','辐环-放射',10,'放射卫生',1800,1800,1698.1132075471696,'陈超军',11,NULL,NULL,NULL,NULL,NULL,0,1800,'专',NULL),(55,'R19-0003 ','FJ-2019-0006','2019-01-08 00:00:00','企业','3个月','05672546','象山石浦港湾医院','辐环-放射',10,'放射卫生',3000,3000,2830.188679245283,'陈超军',11,NULL,NULL,NULL,NULL,NULL,0,3000,'专',NULL),(56,'A18-0244','A18-0244','2019-01-08 00:00:00','企业','3个月','05672547','浙商银行股份有限公司宁波分行','辐环-室内空气',8,'室内空气',13000,13000,12264.150943396226,'熊小红',12,NULL,NULL,NULL,NULL,'2019-01-16 00:00:00',13000,0,'专',NULL),(57,'A18-0225','A18-0225','2019-01-08 00:00:00','企业','3个月','05672548','国网浙江省电力有限公司宁波供电公司','辐环-室内空气',8,'室内空气',4500,4500,4245.2830188679245,'熊小红',12,NULL,NULL,NULL,NULL,'2019-01-16 00:00:00',4500,0,'专',NULL),(58,'P18-1736 ','GW-2018-1736','2019-01-08 00:00:00','企业','3个月','05672549','国网浙江省电力有限公司宁波供电公司','辐环-公共卫生',7,'公共卫生',1500,1500,1415.0943396226414,'熊小红',12,NULL,NULL,NULL,NULL,NULL,0,1500,'专',NULL),(59,'JC181340','JC181340','2019-01-09 00:00:00','企业','3个月','05672550','慈溪市百福塑料制品有限公司','职卫-职卫',9,'职卫-职卫',5500,5500,5188.679245283019,'钟于洋',14,NULL,NULL,NULL,NULL,'2019-01-12 00:00:00',5500,0,'专',NULL),(60,'JC181352','JC181352','2019-01-10 00:00:00','企业','3个月','05672551','宁波瑞格文具有限公司','职卫-职卫',9,'职卫-职卫',6500,6500,6132.075471698113,'钟于洋',14,NULL,NULL,NULL,NULL,NULL,0,6500,'专',NULL),(61,'JC181269','JC181269','2019-01-10 00:00:00','企业','3个月','05672552','湖州露森精细化工有限公司','职卫-职卫',9,'职卫-职卫',4500,4500,4245.2830188679245,'陈磊',13,NULL,NULL,NULL,NULL,'2019-01-12 00:00:00',4500,0,'专',NULL),(62,'JC181293','JC181293','2019-01-10 00:00:00','企业','3个月','05672553','浙江金洲管道科技股份有限公司','职卫-职卫',9,'职卫-职卫',30000,30000,28301.886792452828,'陈磊',13,NULL,NULL,NULL,NULL,'2019-01-12 00:00:00',30000,0,'专',NULL),(63,'JC181325','JC181325','2019-01-10 00:00:00','企业','3个月','05672554','怡达快速电梯有限公司','职卫-职卫',9,'职卫-职卫',6000,6000,5660.377358490566,'陈磊',13,NULL,NULL,NULL,NULL,'2019-01-12 00:00:00',6000,0,'专',NULL),(64,'HJ185196','HJ185196','2019-01-10 00:00:00','企业','3个月','05672555','宁波丰尔泰建材科技有限公司','环境-环境',5,'环境-环境',4000,4000,3773.584905660377,'钟于洋',14,NULL,NULL,NULL,NULL,'2019-01-12 00:00:00',4000,0,'专',NULL),(65,' R18-0116','FWKP2018-022','2019-01-10 00:00:00','企业','3个月','05672556','温州医科大学附属第二医院','辐环-放射',10,'放射卫生控评',63000,63000,59433.96226415094,'王青',8,NULL,NULL,NULL,NULL,NULL,0,63000,'专',NULL),(66,'HJ184471','HJ184471','2019-01-10 00:00:00','企业','3个月','05672557','宁波劳伦斯汽车内饰件有限公司','环境-环境',5,'环境-环境',25000,25000,23584.905660377357,'钟于洋',14,NULL,NULL,NULL,NULL,NULL,0,25000,'专',NULL),(67,'WT180235','WT180235','2019-01-10 00:00:00','企业','3个月','05672558','奥乐农用机械（宁波）有限公司','职卫-职卫',9,'职卫-职卫',3000,3000,2830.188679245283,'孙健超',17,NULL,NULL,NULL,NULL,NULL,0,3000,'专',NULL),(68,'ZS181378','ZS181378','2019-01-10 00:00:00','企业','3个月','05672559','内蒙古泰达职业健康技术服务有限公司','职卫-职卫',9,'职卫-职卫',1950,1950,1839.6226415094338,'井瑜',7,NULL,NULL,NULL,NULL,'2018-12-12 00:00:00',1950,0,'专',NULL),(69,'HJ185005','HJ185005','2019-01-11 00:00:00','企业','3个月','05672570','宁波市北仑金龙加油站','环境-环境',5,'环境-环境',3500,3500,3301.88679245283,'徐磊杰',5,NULL,NULL,NULL,NULL,'2018-12-12 00:00:00',3500,0,'专',NULL),(70,'HJ185006','HJ185006','2019-01-11 00:00:00','企业','3个月','05672571','宁波经济技术开发区祥龙加油有限公司','环境-环境',5,'环境-环境',3500,3500,3301.88679245283,'徐磊杰',5,NULL,NULL,NULL,NULL,'2018-12-12 00:00:00',3500,0,'专',NULL),(71,'R18-0623','FJ-2018-0358','2019-01-11 00:00:00','企业','3个月','05672576','浙江天圣化纤有限公司 ','辐环-放射',10,'放射卫生',8000,4000,3773.584905660377,'王青',8,NULL,NULL,NULL,NULL,NULL,0,4000,'专',NULL),(72,'JC180406','JC180406','2019-01-11 00:00:00','企业','3个月','05672577','台朔重工（宁波）有限公司','职卫-职卫',9,'职卫-职卫',10000,10000,9433.962264150943,'徐磊杰',5,NULL,NULL,NULL,NULL,'2018-12-12 00:00:00',10000,0,'专',NULL),(73,'HJ184597','HJ184597','2019-01-11 00:00:00','企业','3个月','05672578','宁波住重机械有限公司 ','环境-环境',5,'环境-环境',-1200,-1200,-1132.0754716981132,'井瑜',7,NULL,NULL,NULL,NULL,'2018-12-12 00:00:00',-1200,0,'专',NULL),(74,'HJ184597','HJ184597','2019-01-11 00:00:00','企业','3个月','05672579','宁波住重机械有限公司 ','环境-环境',5,'环境-环境',1200,1200,1132.0754716981132,'井瑜',7,NULL,NULL,NULL,NULL,'2018-12-12 00:00:00',1200,0,'专',NULL),(75,'JC181274','JC181274','2019-01-11 00:00:00','企业','3个月','05672580','安吉东城卡丁车制造有限公司','职卫-职卫',9,'职卫-职卫',8000,8000,7547.169811320754,'陈磊',13,NULL,NULL,NULL,NULL,'2018-12-12 00:00:00',8000,0,'专',NULL),(76,'JC181350','JC181350','2019-01-11 00:00:00','企业','3个月','05672581','浙江克鲁森纺织科技有限公司','职卫-职卫',9,'职卫-职卫',4800,4800,4528.301886792453,'陈磊',13,NULL,NULL,NULL,NULL,NULL,0,4800,'专',NULL),(77,'JC181354','JC181354','2019-01-11 00:00:00','企业','3个月','05672582','湖州之田汽车销售服务有限公司','职卫-职卫',9,'职卫-职卫',4000,4000,3773.584905660377,'陈磊',13,NULL,NULL,NULL,NULL,'2019-03-05 00:00:00',4000,0,'专',NULL),(78,'JC181313','JC181313','2019-01-11 00:00:00','企业','3个月','05672583','浙江创为智能装备股份有限公司','职卫-职卫',9,'职卫-职卫',2500,2500,2358.490566037736,'陈磊',13,NULL,NULL,NULL,NULL,NULL,0,2500,'专',NULL),(79,'WT180206','WT180206','2019-01-11 00:00:00','企业','3个月','05672584','安吉炜宜五金塑料制品有限公司','职卫-职卫',9,'职卫-职卫',800,800,754.7169811320755,'陈磊',13,NULL,NULL,NULL,NULL,'2019-03-05 00:00:00',800,0,'专',NULL),(80,'JC181367','JC181367','2019-01-11 00:00:00','企业','3个月','05672585','宁波新展针织有限公司','职卫-职卫',9,'职卫-职卫',4000,4000,3773.584905660377,'郑刚超',10,NULL,NULL,NULL,NULL,'2019-03-05 00:00:00',4000,0,'专',NULL),(81,'HY180247','HY180247','2019-01-11 00:00:00','企业','3个月','05672586','宁波金鑫商品混凝土有限公司','环境-环境',5,'环境-环境',15500,15500,14622.64150943396,'杨正',4,NULL,NULL,NULL,NULL,'2019-03-05 00:00:00',15500,0,'专',NULL),(82,'HY180246','HY180246','2019-01-11 00:00:00','企业','3个月','05672587','宁波新星商品混凝土有限公司','环境-环境',5,'环境-环境',19500,19500,18396.226415094337,'杨正',4,NULL,NULL,NULL,NULL,'2019-03-05 00:00:00',19500,0,'专',NULL),(83,'HJ185186','HJ185186','2019-01-11 00:00:00','企业','3个月','05672588','慈溪康迪车业有限公司','环境-环境',5,'环境-环境',7000,7000,6603.77358490566,'张莉',6,NULL,NULL,NULL,NULL,'2019-03-05 00:00:00',7000,0,'专',NULL),(84,'HJ184915','HJ184915','2019-01-11 00:00:00','企业','3个月','05672589','宁波永享铜管道有限公司','环境-环境',5,'环境-环境',4500,4500,4245.2830188679245,'张莉',6,NULL,NULL,NULL,NULL,'2019-03-05 00:00:00',4500,0,'专',NULL),(85,'HS184913','HS184913','2019-01-11 00:00:00','企业','3个月','05672590','浙江鼎清环境检测技术有限公司','环境-环境',5,'环境-环境',3600,3600,3396.2264150943392,'张莉',6,NULL,NULL,NULL,NULL,NULL,0,3600,'专',NULL),(86,'HS184912','HS184912','2019-01-11 00:00:00','企业','3个月','05672591','浙江鼎清环境检测技术有限公司','环境-环境',5,'环境-环境',28000,28000,26415.09433962264,'张莉',6,NULL,NULL,NULL,NULL,NULL,0,28000,'专',NULL),(87,'HS185160','HS185160','2019-01-11 00:00:00','企业','3个月','05672592','浙江高新镀业有限公司','环境-环境',5,'环境-环境',1500,1500,1415.0943396226414,'张莉',6,NULL,NULL,NULL,NULL,'2019-03-05 00:00:00',1500,0,'专',NULL),(88,'HS185046','HS185046','2019-01-11 00:00:00','企业','3个月','05672593','安徽创源文化发展有限公司','环境-环境',5,'环境-环境',200,200,188.67924528301887,'张莉',6,NULL,NULL,NULL,NULL,'2019-03-05 00:00:00',200,0,'专',NULL),(89,'HS184076','HS184076','2019-01-11 00:00:00','企业','3个月','05672594','宁波友康照明电器有限公司','环境-环境',5,'环境-环境',300,300,283.0188679245283,'张莉',6,NULL,NULL,NULL,NULL,'2019-03-05 00:00:00',300,0,'专',NULL),(90,'HS185096','HS185096','2019-01-11 00:00:00','企业','3个月','05672595','宁波环耀环境工程技术有限公司','环境-环境',5,'环境-环境',560,560,528.3018867924528,'张莉',6,NULL,NULL,NULL,NULL,'2019-03-05 00:00:00',560,0,'专',NULL),(91,'HJ184319','HJ184319','2019-01-11 00:00:00','企业','3个月','05672615','济邦环保科技（宁波）有限公司','环境-环境',5,'环境-环境',20000,20000,18867.924528301886,'刘毅',15,NULL,NULL,NULL,NULL,NULL,0,20000,'专',NULL),(92,'ZWPJ180301','ZWPJ180301','2019-01-11 00:00:00','企业','3个月','05672616','韩华化学（宁波）有限公司','职卫-职卫',9,'职卫-职卫控评',71000,71000,66981.1320754717,'郑尚涛',18,NULL,NULL,NULL,NULL,'2018-02-01 00:00:00',71000,0,'专',NULL),(93,'ZWPJ180300','ZWPJ180300','2019-01-11 00:00:00','企业','3个月','05672617','韩华化学（宁波）有限公司','职卫-职卫',9,'职卫-职卫控评',59000,59000,55660.377358490565,'郑尚涛',18,NULL,NULL,NULL,NULL,'2018-02-01 00:00:00',59000,0,'专',NULL),(94,'P18-1796','GW-2018-1796','2019-01-11 00:00:00','企业','3个月','05672618','浙江建安检测研究院有限公司','辐环-公共卫生',7,'公共卫生',50000,50000,47169.811320754714,'钟于洋',14,NULL,NULL,NULL,NULL,'2018-02-01 00:00:00',50000,0,'专',NULL),(95,'P18-1769','GW-2018-1769','2019-01-11 00:00:00','企业','3个月','05672619','宁海县心泉房地产开发有限公司','辐环-公共卫生',7,'公共卫生',1800,1800,1698.1132075471696,'范娇君',19,NULL,NULL,NULL,NULL,'2018-02-01 00:00:00',1800,0,'专',NULL),(96,'HY180202','HY180202','2019-01-11 00:00:00','企业','3个月','05672620','宁波亚德客自动化工业有限公司','环境-环境',5,'环境-环境',68000,68000,64150.94339622641,'章佳文',20,NULL,NULL,NULL,NULL,'2018-02-01 00:00:00',68000,0,'专',NULL),(97,'HJ184177','HJ184177','2019-01-11 00:00:00','企业','3个月','05672621','温州市庄饭碗餐饮管理有限公司','环境-环境',5,'环境-环境',2400,2400,2264.1509433962265,'吴美杰',21,NULL,NULL,NULL,NULL,NULL,0,2400,'专',NULL),(98,'WT180215','WT180215','2019-01-11 00:00:00','企业','3个月','05672622','约翰迪尔（宁波）农业机械有限公司','职卫-职卫',9,'职卫-职卫',2500,2500,2358.490566037736,'郑尚涛',18,NULL,NULL,NULL,NULL,'2019-01-12 00:00:00',2500,0,'专',NULL),(99,'JC181271','JC181271','2019-01-11 00:00:00','企业','3个月','05672623','约翰迪尔（宁波）农业机械有限公司','职卫-职卫',9,'职卫-职卫',17500,17500,16509.43396226415,'郑尚涛',18,NULL,NULL,NULL,NULL,'2019-01-12 00:00:00',17500,0,'专',NULL),(100,'HJ185130','HJ185130','2019-01-11 00:00:00','企业','3个月','05672625','海天塑机集团有限公司','环境-环境',5,'环境-环境',1000,1000,943.3962264150942,'刘毅',15,NULL,NULL,NULL,NULL,'2019-01-12 00:00:00',1000,0,'专',NULL),(101,'JC181344','JC181344','2019-01-11 00:00:00','企业','3个月','05672626','乐清市卓达金属制品有限公司','职卫-职卫',9,'职卫-职卫',2000,2000,1886.7924528301885,'陈德藏',22,NULL,NULL,NULL,NULL,'2019-01-12 00:00:00',2000,0,'专',NULL),(102,'HJ185078','HJ185078','2019-01-11 00:00:00','企业','3个月','05672626','乐清市卓达金属制品有限公司','环境-环境',5,'环境-环境',1800,1800,1698.1132075471696,'陈德藏',22,NULL,NULL,NULL,NULL,'2019-01-12 00:00:00',1800,0,'专',NULL),(103,'HJ184816','HJ184816','2019-01-11 00:00:00','企业','3个月','05672627','宁波唯尔池塑料有限公司','环境-环境',5,'环境-环境',3000,3000,2830.188679245283,'杨正',4,NULL,NULL,NULL,NULL,NULL,0,3000,'专',NULL),(104,'HJ185013','HJ185013','2019-01-11 00:00:00','企业','3个月','05672628','宁波市阳光汽车配件有限公司','环境-环境',5,'环境-环境',2800,2800,2641.509433962264,'杨正',4,NULL,NULL,NULL,NULL,'2019-01-12 00:00:00',2800,0,'专',NULL),(105,'JC181328','JC181328','2019-01-11 00:00:00','企业','3个月','05672629','宁波恒富汽车部件发展有限公司','职卫-职卫',9,'职卫-职卫',5000,5000,4716.981132075472,'杨正',4,NULL,NULL,NULL,NULL,'2019-01-12 00:00:00',5000,0,'专',NULL),(106,'HJ185011','HJ185011','2019-01-11 00:00:00','企业','3个月','05672630','宁波恒富汽车部件发展有限公司','环境-环境',5,'环境-环境',6500,6500,6132.075471698113,'杨正',4,NULL,NULL,NULL,NULL,NULL,0,6500,'专',NULL),(107,'JC181364','JC181364','2019-01-11 00:00:00','企业','3个月','05672631','宁波市鄞州睿驰复合材料有限公司','职卫-职卫',9,'职卫-职卫',7000,7000,6603.77358490566,'孙健超',17,NULL,NULL,NULL,NULL,NULL,0,7000,'专',NULL),(108,'JC181333','JC181333','2019-01-11 00:00:00','企业','3个月','05672632','宁波家联科技股份有限公司','职卫-职卫',9,'职卫-职卫',3000,3000,2830.188679245283,'井瑜',7,NULL,NULL,NULL,NULL,'2019-01-12 00:00:00',3000,0,'专',NULL),(109,'HJ184897','HJ184897','2019-01-11 00:00:00','企业','3个月','05672633','中国水利水电第十一工程局有限公司','环境-环境',5,'环境-环境',4000,4000,3773.584905660377,'郑尚涛',18,NULL,NULL,NULL,NULL,'2019-01-12 00:00:00',4000,0,'专',NULL),(110,'JC181311','JC181311','2019-01-11 00:00:00','企业','3个月','05672633','中国水利水电第十一工程局有限公司','职卫-职卫',9,'职卫-职卫',8000,8000,7547.169811320754,'郑尚涛',18,NULL,NULL,NULL,NULL,'2019-01-12 00:00:00',8000,0,'专',NULL),(111,'HJ185092','HJ185092','2019-01-11 00:00:00','企业','3个月','05672634','万邦德制药集团股份有限公司','环境-环境',5,'环境-环境',2000,2000,1886.7924528301885,'李倩',23,NULL,NULL,NULL,NULL,'2019-01-12 00:00:00',2000,0,'专',NULL),(112,'HJ185171','HJ185171','2019-01-11 00:00:00','企业','3个月','05672635','宁波佰特工具有限公司','环境-环境',5,'环境-环境',6000,6000,5660.377358490566,'王小明',24,NULL,NULL,NULL,NULL,'2019-01-12 00:00:00',6000,0,'专',NULL),(113,'HJ190115','HJ190115','2019-01-11 00:00:00','企业','3个月','05672636','象山华宇食品有限公司','环境-环境',5,'环境-环境',1000,1000,943.3962264150942,'王小明',24,NULL,NULL,NULL,NULL,'2019-01-12 00:00:00',1000,0,'专',NULL),(114,'HS184822','HS184822','2019-01-11 00:00:00','企业','6个月','05672638','浙江鼎清环境检测技术有限公司','环境-环境',5,'环境-环境',13500,13500,12735.849056603773,'张莉',6,NULL,NULL,NULL,NULL,NULL,0,13500,'专',NULL),(115,'JC181369','JC181369','2019-01-14 00:00:00','企业','3个月','05672639','宁波市镇海俊天金属材料制造有限公司','职卫-职卫',9,'职卫-职卫',3000,3000,2830.188679245283,'郑刚超',10,NULL,NULL,NULL,NULL,NULL,0,3000,'专',NULL),(116,'JC181310','JC181310','2019-01-14 00:00:00','企业','3个月','05672640','绍兴柯桥供水有限公司','职卫-职卫',9,'职卫-职卫',5000,5000,4716.981132075472,'郑刚超',10,NULL,NULL,NULL,NULL,'2019-01-12 00:00:00',5000,0,'专',NULL),(117,'JC181326','JC181326','2019-01-14 00:00:00','企业','3个月','05672641','宁波禾顺新材料有限公司','职卫-职卫',9,'职卫-职卫',16000,16000,15094.339622641508,'孙健超',17,NULL,NULL,NULL,NULL,NULL,0,16000,'专',NULL),(118,'JC181278','JC181278','2019-01-14 00:00:00','企业','3个月','05672641','宁波禾顺新材料有限公司','职卫-职卫',9,'职卫-职卫',4800,4800,4528.301886792453,'孙健超',17,NULL,NULL,NULL,NULL,NULL,0,4800,'专',NULL),(119,'HJ185009','HJ185009','2019-01-14 00:00:00','企业','3个月','05672641','宁波禾顺新材料有限公司','环境-环境',5,'环境-环境',1500,1500,1415.0943396226414,'孙健超',17,NULL,NULL,NULL,NULL,NULL,0,1500,'专',NULL),(120,'HJ185008','HJ185008','2019-01-14 00:00:00','企业','3个月','05672641','宁波禾顺新材料有限公司','环境-环境',5,'环境-环境',8500,8500,8018.867924528301,'孙健超',17,NULL,NULL,NULL,NULL,NULL,0,8500,'专',NULL),(121,'HJ184878','HJ184878','2019-01-14 00:00:00','企业','3个月','05672643','宁波赫革丽高分子科技有限公司','环境-环境',5,'环境-环境',3800,3800,3584.9056603773583,'徐磊杰',5,NULL,NULL,NULL,NULL,'2019-01-12 00:00:00',3800,0,'专',NULL),(122,'JC181205','JC181205','2019-01-14 00:00:00','企业','3个月','05672644','宁波东旭太阳能电力有限公司','职卫-职卫',9,'职卫-职卫',4000,4000,3773.584905660377,'徐磊杰',5,NULL,NULL,NULL,NULL,'2019-01-12 00:00:00',4000,0,'专',NULL),(123,'JC181362','JC181362','2019-01-14 00:00:00','企业','3个月','05672645','余姚市嘉诚电器有限公司','职卫-职卫',9,'职卫-职卫',4000,4000,3773.584905660377,'徐磊杰',5,NULL,NULL,NULL,NULL,'2019-01-12 00:00:00',4000,0,'专',NULL),(124,'JC181371','JC181371','2019-01-14 00:00:00','企业','3个月','05672646','宁波顺兴机械制造有限公司','职卫-职卫',9,'职卫-职卫',3500,3500,3301.88679245283,'徐磊杰',5,NULL,NULL,NULL,NULL,NULL,0,3500,'专',NULL),(125,'HJ185294','HJ185294','2019-01-14 00:00:00','企业','3个月','05672647','宁波爱佳电器有限公司','环境-环境',5,'环境-环境',2500,2500,2358.490566037736,'钟于洋',14,NULL,NULL,NULL,NULL,'2019-01-12 00:00:00',2500,0,'专',NULL),(126,'HJ185295','HJ185295','2019-01-14 00:00:00','企业','3个月','05672648','慈溪市广联汽车配件有限公司','环境-环境',5,'环境-环境',1000,1000,943.3962264150942,'钟于洋',14,NULL,NULL,NULL,NULL,'2019-01-12 00:00:00',1000,0,'专',NULL),(127,'ZWPJ180288','ZWPJ180288','2019-01-14 00:00:00','企业','3个月','05672649','万华化学（宁波）容威聚氨酯有限公司','职卫-职卫',9,'职卫-职卫预评',20000,20000,18867.924528301886,'郑尚涛',18,NULL,NULL,NULL,NULL,NULL,0,20000,'专',NULL),(128,'HJ184786','HJ184786','2019-01-14 00:00:00','企业','3个月','05672650','浙江宇狮包装材料有限公司','环境-环境',5,'环境-环境',1780,1780,1679.245283018868,'陈德藏',22,NULL,NULL,NULL,NULL,'2019-01-12 00:00:00',1780,0,'专',NULL),(129,'HS185319','HS185319','2019-01-14 00:00:00','企业','3个月','05672651','宁波卓新通讯接插件有限公司','环境-环境',5,'环境-环境',350,350,330.188679245283,'张莉',6,NULL,NULL,NULL,NULL,'2019-01-12 00:00:00',350,0,'专',NULL),(130,'HJ185044','HJ185044','2019-01-14 00:00:00','企业','3个月','05672652','宁波长鸿高分子科技股份有限公司','环境-环境',5,'环境-环境',5500,5500,5188.679245283019,'张莉',6,NULL,NULL,NULL,NULL,'2019-01-12 00:00:00',5500,0,'专',NULL),(131,'WT190005','WT190005','2019-01-14 00:00:00','企业','3个月','05672653','浙江奇胜运动装备有限公司','职卫-职卫',9,'职卫-职卫',3000,3000,2830.188679245283,'张莉',6,NULL,NULL,NULL,NULL,'2019-01-12 00:00:00',3000,0,'专',NULL),(132,'HJ185018','HJ185018','2019-01-14 00:00:00','企业','3个月','05672654','宁波市北仑华盛模具厂','环境-环境',5,'环境-环境',2000,2000,1886.7924528301885,'徐磊杰',5,NULL,NULL,NULL,NULL,'2019-01-12 00:00:00',2000,0,'专',NULL),(133,'JC181297','JC181297','2019-01-14 00:00:00','企业','3个月','05672654','宁波市北仑华盛模具厂','职卫-职卫',9,'职卫-职卫',3500,3500,3301.88679245283,'徐磊杰',5,NULL,NULL,NULL,NULL,'2019-01-12 00:00:00',3500,0,'专',NULL),(134,'R18-0581','FJ-2018-0406','2019-01-14 00:00:00','企业','3个月','05672654','宁波市北仑华盛模具厂','辐环-放射',10,'放射卫生',1500,1500,1415.0943396226414,'徐磊杰',5,NULL,NULL,NULL,NULL,'2019-01-12 00:00:00',1500,0,'专',NULL),(135,'R17-0427','FJ-2017-0335','2019-01-14 00:00:00','企业','3个月','05672655','庆达西（宁波）钢构制造有限公司','辐环-放射',10,'放射卫生',30000,6000,5660.377358490566,'郑尚涛',18,NULL,NULL,NULL,NULL,NULL,0,6000,'专',NULL),(136,'HJ184761','HJ184761','2019-01-14 00:00:00','企业','3个月','05672656','宁波鸿越金属制品有限公司','环境-环境',5,'环境-环境',10000,10000,9433.962264150943,'杨正',4,NULL,NULL,NULL,NULL,'2019-01-12 00:00:00',10000,0,'专',NULL),(137,'WT190001','WT190001','2019-01-14 00:00:00','企业','3个月','05672657','新昌县开源汽车轴承有限公司','职卫-职卫',9,'职卫-职卫',3000,3000,2830.188679245283,'徐磊杰',5,NULL,NULL,NULL,NULL,'2019-01-12 00:00:00',3000,0,'专',NULL),(138,'HJ184809','HJ184809','2019-01-14 00:00:00','企业','3个月','05672658','余姚市达华灯具有限公司','环境-环境',5,'环境-环境',2000,2000,1886.7924528301885,'褚震',25,NULL,NULL,NULL,NULL,'2019-01-12 00:00:00',2000,0,'专',NULL),(139,'HJ185132','HJ185132','2019-01-14 00:00:00','企业','3个月','05672659','余姚市达华灯具有限公司','环境-环境',5,'环境-环境',1500,1500,1415.0943396226414,'褚震',25,NULL,NULL,NULL,NULL,'2019-01-12 00:00:00',1500,0,'专',NULL),(140,'JC181347','JC181347','2019-01-14 00:00:00','企业','3个月','05672660','晓星化工（嘉兴）有限公司','职卫-职卫',9,'职卫-职卫',13000,13000,12264.150943396226,'胡亚芬',26,NULL,NULL,NULL,NULL,'2019-01-12 00:00:00',13000,0,'专',NULL),(141,'JC181376','JC181376','2019-01-14 00:00:00','企业','3个月','05672661','桐乡市龙鑫纺织整理有限公司','职卫-职卫',9,'职卫-职卫',3500,3500,3301.88679245283,'胡亚芬',26,NULL,NULL,NULL,NULL,'2019-01-12 00:00:00',3500,0,'专',NULL),(142,'JC181348','JC181348','2019-01-14 00:00:00','企业','3个月','05672662','平湖市华晟机械有限公司','职卫-职卫',9,'职卫-职卫',5500,5500,5188.679245283019,'胡亚芬',26,NULL,NULL,NULL,NULL,NULL,0,5500,'专',NULL),(143,'JC181277','JC181277','2019-01-14 00:00:00','企业','3个月','05672663','浙江华祥纺织有限公司','职卫-职卫',9,'职卫-职卫',9000,9000,8490.566037735849,'胡亚芬',26,NULL,NULL,NULL,NULL,NULL,0,9000,'专',NULL),(144,'A18-0247','A18-0247','2019-01-14 00:00:00','企业','3个月','05672664','宁波东部新城开发投资集团有限公司','辐环-室内空气',8,'室内空气',27030,27030,25500,'王青',8,NULL,NULL,NULL,NULL,'2019-01-12 00:00:00',27030,0,'专',NULL),(145,'JC181135','JC181135','2019-01-15 00:00:00','企业','3个月','05672665','海天塑机集团有限公司','职卫-职卫',9,'职卫-职卫',15000,15000,14150.943396226414,'徐磊杰',5,NULL,NULL,NULL,NULL,'2019-01-12 00:00:00',15000,0,'专',NULL),(146,'JC181136','JC181136','2019-01-15 00:00:00','企业','3个月','05672666','海天塑机集团有限公司','职卫-职卫',9,'职卫-职卫',14000,14000,13207.54716981132,'徐磊杰',5,NULL,NULL,NULL,NULL,NULL,0,14000,'专',NULL),(147,'JC181134','JC181134','2019-01-15 00:00:00','企业','3个月','05672667','海天塑机集团有限公司','职卫-职卫',9,'职卫-职卫',12000,12000,11320.754716981131,'徐磊杰',5,NULL,NULL,NULL,NULL,'2019-01-12 00:00:00',12000,0,'专',NULL),(148,'JC181133','JC181133','2019-01-15 00:00:00','企业','3个月','05672668','海天塑机集团有限公司','职卫-职卫',9,'职卫-职卫',29000,29000,27358.490566037734,'徐磊杰',5,NULL,NULL,NULL,NULL,'2019-01-12 00:00:00',29000,0,'专',NULL),(149,'JC181177','JC181177','2019-01-15 00:00:00','企业','3个月','05672669','宁波一力减震器有限公司','职卫-职卫',9,'职卫-职卫',4800,4800,4528.301886792453,'徐磊杰',5,NULL,NULL,NULL,NULL,'2019-01-12 00:00:00',4800,0,'专',NULL),(150,'JC181138','JC181138','2019-01-15 00:00:00','企业','3个月','05672670','宁波海天金属成型设备有限公司','职卫-职卫',9,'职卫-职卫',5000,5000,4716.981132075472,'徐磊杰',5,NULL,NULL,NULL,NULL,'2019-01-12 00:00:00',5000,0,'专',NULL),(151,'JC181139','JC181139','2019-01-15 00:00:00','企业','3个月','05672671','宁波海天精工股份有限公司','职卫-职卫',9,'职卫-职卫',23000,23000,21698.11320754717,'徐磊杰',5,NULL,NULL,NULL,NULL,'2019-01-12 00:00:00',23000,0,'专',NULL),(152,'JC181137','JC181137','2019-01-15 00:00:00','企业','3个月','05672672','宁波长飞亚塑料机械制造有限公司','职卫-职卫',9,'职卫-职卫',19000,19000,17924.528301886792,'徐磊杰',5,NULL,NULL,NULL,NULL,'2019-01-12 00:00:00',19000,0,'专',NULL),(153,'S18-0120','JNPG-2018-033','2019-01-15 00:00:00','企业','3个月','05672673','宁波中镕汽车部件有限公司','节能-节能',11,'节能-节能',85000,55000,51886.79245283019,'陈钊增',16,NULL,NULL,NULL,NULL,'2019-01-12 00:00:00',55000,0,'专',NULL),(154,'HJ185191','HJ185191','2019-01-15 00:00:00','企业','3个月','05672674','浙江奇胜运动装备有限公司','环境-环境',5,'环境-环境',1670,1670,1575.4716981132074,'张莉',6,NULL,NULL,NULL,NULL,'2019-01-12 00:00:00',1670,0,'专',NULL),(155,'HS185253','HS185253','2019-01-15 00:00:00','企业','3个月','05672676','宜兴市四方水处理有限公司','环境-环境',5,'环境-环境',200,200,188.67924528301887,'张莉',6,NULL,NULL,NULL,NULL,'2019-01-12 00:00:00',200,0,'专',NULL),(156,'JC181356','JC181356','2019-01-15 00:00:00','企业','3个月','05672677','宁波精益微型轴有限公司','职卫-职卫',9,'职卫-职卫',10000,10000,9433.962264150943,'郑刚超',10,NULL,NULL,NULL,NULL,NULL,0,10000,'专',NULL),(157,'H16-0428','ZWKP2016-026','2019-01-15 00:00:00','企业','3个月','05672678','宁波峰梅视讯电子有限公司','职卫-职卫',9,'职卫-职卫控评',56000,28000,26415.09433962264,'郑尚涛',18,NULL,NULL,NULL,NULL,'2019-01-12 00:00:00',28000,0,'专',NULL),(158,'S18-0124','AQJC2018-021','2019-01-15 00:00:00','企业','3个月','05672679','宁波永固化工有限公司','节能-节能',11,'电气防爆安全',22000,22000,20754.716981132075,'吴烨铿',27,NULL,NULL,NULL,NULL,'2019-01-12 00:00:00',22000,0,'专',NULL),(159,'HJ185007','HJ185007','2019-01-15 00:00:00','企业','3个月','05672680','宁波大学','环境-环境',5,'环境-环境',6000,6000,5660.377358490566,'杨正',4,NULL,NULL,NULL,NULL,'2019-01-12 00:00:00',6000,0,'专',NULL),(160,'HJ180754','HJ180754','2019-01-15 00:00:00','企业','3个月','05672685','浙江世纪瑞尔金属科技有限公司','环境-环境',5,'环境-环境',15000,7500,7075.471698113207,'王青',8,NULL,NULL,NULL,NULL,NULL,0,7500,'专',NULL),(161,'HY180255','HY180255','2019-01-15 00:00:00','企业','3个月','05672686','宁波北仑千源文具制造有限公司','环境-环境',5,'环境-环境',13000,13000,12264.150943396226,'王青',8,NULL,NULL,NULL,NULL,'2019-01-12 00:00:00',13000,0,'专',NULL),(162,'R19-0014','FJ-2019-0014','2019-01-15 00:00:00','企业','3个月','05672687','宁波市鄞州东铸检测科技有限公司','环境-环境',5,'环境-环境',2500,2500,2358.490566037736,'杨正',4,NULL,NULL,NULL,NULL,'2019-01-12 00:00:00',2500,0,'专',NULL),(163,'HJ184831','HJ184831','2019-01-16 00:00:00','企业','3个月','05672688','宁波太平鸟风尚男装有限公司','环境-环境',5,'环境-环境',1000,1000,943.3962264150942,'杨正',4,NULL,NULL,NULL,NULL,'2019-01-12 00:00:00',1000,0,'专',NULL),(164,'HJ185012','HJ185012','2019-01-16 00:00:00','企业','3个月','05672689','宁波千念文具有限公司','环境-环境',5,'环境-环境',4000,4000,3773.584905660377,'徐磊杰',5,NULL,NULL,NULL,NULL,'2019-01-12 00:00:00',4000,0,'专',NULL),(165,'JC181327','JC181327','2019-01-16 00:00:00','企业','3个月','05672689','宁波千念文具有限公司','职卫-职卫',9,'职卫-职卫',4000,4000,3773.584905660377,'徐磊杰',5,NULL,NULL,NULL,NULL,'2019-01-12 00:00:00',4000,0,'专',NULL),(166,'HJ183136','HJ183136','2019-01-16 00:00:00','企业','3个月','05672690','宁波永祥铸造有限公司','环境-环境',5,'环境-环境',18000,9000,8490.566037735849,'徐磊杰',5,NULL,NULL,NULL,NULL,'2019-01-12 00:00:00',9000,0,'专',NULL),(167,'HJ184988','HJ184988','2019-01-16 00:00:00','企业','3个月','05672691','宁波金海电子有限公司','环境-环境',5,'环境-环境',3300,3300,3113.2075471698113,'杨正',4,NULL,NULL,NULL,NULL,'2019-01-12 00:00:00',3300,0,'专',NULL),(168,'R19-0006','FJ-2019-0009','2019-01-16 00:00:00','企业','3个月','05672692','宁波中物检测技术有限公司','辐环-放射',10,'放射卫生',4000,4000,3773.584905660377,'陈超军',11,NULL,NULL,NULL,NULL,'2019-01-12 00:00:00',4000,0,'专',NULL),(169,'R19-0007','FJ-2019-0010','2019-01-16 00:00:00','企业','3个月','05672693','宁波奥威尔轮毂有限公司','辐环-放射',10,'放射卫生',3500,3500,3301.88679245283,'陈超军',11,NULL,NULL,NULL,NULL,'2019-01-12 00:00:00',3500,0,'专',NULL),(170,'ZS190022','ZS190022','2019-01-16 00:00:00','企业','3个月','05672694','宁波市华测检测技术有限公司','职卫-职卫',9,'职卫-职卫',720,720,679.2452830188679,'井瑜',7,NULL,NULL,NULL,NULL,'2019-01-12 00:00:00',720,0,'专',NULL),(171,'HJ185335','HJ185335','2019-01-16 00:00:00','企业','3个月','05672695','宁波阿尔卑斯电子有限公司','环境-环境',5,'环境-环境',1800,1800,1698.1132075471696,'井瑜',7,NULL,NULL,NULL,NULL,'2019-01-12 00:00:00',1800,0,'专',NULL),(172,'ZS190021','ZS190021','2019-01-16 00:00:00','企业','3个月','05672696','宁波天衡检测有限公司','职卫-职卫',9,'职卫-职卫',3000,3000,2830.188679245283,'井瑜',7,NULL,NULL,NULL,NULL,'2019-01-12 00:00:00',3000,0,'专',NULL),(173,'JC181359','JC181359','2019-01-16 00:00:00','企业','3个月','05672697','宁波通达精密铸造有限公司','职卫-职卫',9,'职卫-职卫',15000,15000,14150.943396226414,'孙健超',17,NULL,NULL,NULL,NULL,'2019-01-12 00:00:00',15000,0,'专',NULL),(174,'JC190003','JC190003','2019-01-16 00:00:00','企业','3个月','05672698','宁波茂祥金属有限公司','职卫-职卫',9,'职卫-职卫',5000,5000,4716.981132075472,'孙健超',17,NULL,NULL,NULL,NULL,'2019-01-12 00:00:00',5000,0,'专',NULL),(175,'JC181345','JC181345','2019-01-16 00:00:00','企业','3个月','05672699','宁波金城减震器有限公司','职卫-职卫',9,'职卫-职卫',4000,4000,3773.584905660377,'孙健超',17,NULL,NULL,NULL,NULL,NULL,0,4000,'专',NULL),(176,'JC181368','JC181368','2019-01-16 00:00:00','企业','3个月','05672700','宁波力必达电池有限公司','职卫-职卫',9,'职卫-职卫',4500,4500,4245.2830188679245,'孙健超',17,NULL,NULL,NULL,NULL,'2019-01-10 00:00:00',4500,0,'专',NULL),(177,'HJ185190','HJ185190','2019-01-16 00:00:00','企业','3个月','05672701','余姚市红日机械有限公司','环境-环境',5,'环境-环境',10000,10000,9433.962264150943,'刘毅',15,NULL,NULL,NULL,NULL,'2019-01-10 00:00:00',10000,0,'专',NULL),(178,'HJ181800','HJ181800','2019-01-16 00:00:00','企业','3个月','05672702','宁波奉化金盛镀业有限公司','环境-环境',5,'环境-环境',65000,32500,30660.377358490565,'张莉',6,NULL,NULL,NULL,NULL,'2019-01-10 00:00:00',32500,0,'专',NULL),(179,'HS185266','HS185266','2019-01-16 00:00:00','企业','3个月','05672703','宁波精益微型轴有限公司','环境-环境',5,'环境-环境',1200,1200,1132.0754716981132,'张莉',6,NULL,NULL,NULL,NULL,'2019-01-10 00:00:00',1200,0,'专',NULL),(180,'A18-0248 ','A18-0248 ','2019-01-16 00:00:00','企业','3个月','05672704','中国农业银行股份有限公司宁波分行','辐环-室内空气',8,'室内空气',3000,3000,2830.188679245283,'熊小红',12,NULL,NULL,NULL,NULL,NULL,0,3000,'专',NULL),(181,'P19-0013.P19-0018','GW-2019-0018,GW-2019-0013','2019-01-16 00:00:00','企业','3个月','05672705','宁波燕庐酒店管理有限公司','辐环-公共卫生',7,'公共卫生',5000,5000,4716.981132075472,'杨正',4,NULL,NULL,NULL,NULL,NULL,0,5000,'专',NULL),(182,'HJ183748','HJ183748','2019-01-16 00:00:00','企业','3个月','05672706','中国石油集团安全环保技术研究院有限公司','环境-环境',5,'环境-环境',2300000,-100000,-94339.62264150943,'刘毅',15,NULL,NULL,NULL,NULL,NULL,0,-100000,'专',NULL),(183,'JC181337','JC181337','2019-01-16 00:00:00','企业','3个月','05719395','宁波高博科技有限公司','职卫-职卫',9,'职卫-职卫',5500,5500,5188.679245283019,'钟于洋',14,NULL,NULL,NULL,NULL,'2019-01-10 00:00:00',5500,0,'专',NULL),(184,'HJ185053','HJ185053','2019-01-16 00:00:00','企业','3个月','05719395','宁波高博科技有限公司','环境-环境',5,'环境-环境',5000,5000,4716.981132075472,'钟于洋',14,NULL,NULL,NULL,NULL,'2019-01-10 00:00:00',5000,0,'专',NULL),(185,'WT180239','WT180239','2019-01-16 00:00:00','企业','3个月','05719396','宁波永祥铸造有限公司','职卫-职卫',9,'职卫-职卫',1000,1000,943.3962264150942,'徐磊杰',5,NULL,NULL,NULL,NULL,'2019-01-10 00:00:00',1000,0,'专',NULL),(186,'A19-0003','A19-0003','2019-01-16 00:00:00','企业','3个月','05719397','宁波净享环保科技有限公司','辐环-室内空气',8,'室内空气',1000,1000,943.3962264150942,'熊小红',12,NULL,NULL,NULL,NULL,'2019-01-10 00:00:00',1000,0,'专',NULL),(187,'HJ184425','HJ184425','2019-01-16 00:00:00','企业','3个月','05719398','宁波东泰电器有限公司','环境-环境',5,'环境-环境',800,800,754.7169811320755,'刘毅',15,NULL,NULL,NULL,NULL,'2019-01-10 00:00:00',800,0,'专',NULL),(188,'HY180072','HY180072','2019-01-16 00:00:00','企业','3个月','05719399','宁波奥威尔轮毂有限公司','环境-环境',5,'环境-环境',38000,38000,35849.056603773584,'郑尚涛',18,NULL,NULL,NULL,NULL,'2019-01-10 00:00:00',38000,0,'专',NULL),(189,'HJ184445','HJ184445','2019-01-17 00:00:00','企业','3个月','05719400','宁波市海曙捷顺工贸有限公司','环境-环境',5,'环境-环境',2000,2000,1886.7924528301885,'翁际渊',9,NULL,NULL,NULL,NULL,NULL,0,2000,'专',NULL),(190,'HJ185100','HJ185100','2019-01-17 00:00:00','企业','3个月','05719401','宁波乐意印业有限公司','环境-环境',5,'环境-环境',5000,5000,4716.981132075472,'翁际渊',9,NULL,NULL,NULL,NULL,'2019-01-10 00:00:00',5000,0,'专',NULL),(191,'ZWPJ180250','ZWPJ180250','2019-01-17 00:00:00','企业','3个月','05719402','湖州泰伦电力设备有限公司','职卫-职卫',9,'职卫-现状评价',20000,20000,18867.924528301886,'陈磊',13,NULL,NULL,NULL,NULL,'2019-01-10 00:00:00',20000,0,'专',NULL),(192,'ZWPJ180185','ZWPJ180185','2019-01-17 00:00:00','企业','3个月','05719403','湖州达多皮革有限公司','职卫-职卫',9,'职卫-现状评价',23000,23000,21698.11320754717,'廖桂陶',28,NULL,NULL,NULL,NULL,'2019-01-10 00:00:00',23000,0,'专',NULL),(193,'ZWPJ180308','ZWPJ180308','2019-01-17 00:00:00','企业','3个月','05719404','湖州新天外绿包印刷有限公司','职卫-职卫',9,'职卫-现状评价',30000,30000,28301.886792452828,'陈磊',13,NULL,NULL,NULL,NULL,NULL,0,30000,'专',NULL),(194,'JC181109','JC181109','2019-01-17 00:00:00','企业','3个月','05719405','湖州森宏环保木塑材料有限公司','职卫-职卫',9,'职卫-职卫',4000,4000,3773.584905660377,'陈磊',13,NULL,NULL,NULL,NULL,'2019-01-10 00:00:00',4000,0,'专',NULL),(195,'HJ185241','HJ185241','2019-01-17 00:00:00','企业','3个月','05719406','舟山定海宏达新墙体有限公司','环境-环境',5,'环境-环境',2800,2800,2641.509433962264,'张莉',6,NULL,NULL,NULL,NULL,'2019-01-10 00:00:00',2800,0,'专',NULL),(196,'HJ184918','HJ184918','2019-01-17 00:00:00','企业','3个月','05719408','宁波锐威尔贸易有限公司','环境-环境',5,'环境-环境',9000,9000,8490.566037735849,'翁际渊',9,NULL,NULL,NULL,NULL,NULL,0,9000,'专',NULL),(197,'HJ184616','HJ184616','2019-01-17 00:00:00','企业','3个月','05719409','宁波好伙伴电器有限公司','环境-环境',5,'环境-环境',3000,3000,2830.188679245283,'褚震',25,NULL,NULL,NULL,NULL,'2019-01-10 00:00:00',3000,0,'专',NULL),(198,'HJ190279','HJ190279','2019-01-17 00:00:00','企业','3个月','05719410','宁波科环新型建材股份有限公司','环境-环境',5,'环境-环境',4000,4000,3773.584905660377,'郑尚涛',18,NULL,NULL,NULL,NULL,'2019-01-10 00:00:00',4000,0,'专',NULL),(199,'JC181372','JC181372','2019-01-17 00:00:00','企业','3个月','05719411','浙江绿洲制冷设备有限公司','职卫-职卫',9,'职卫-职卫',9600,9600,9056.603773584906,'徐磊杰',5,NULL,NULL,NULL,NULL,'2019-01-10 00:00:00',9600,0,'专',NULL),(200,'HY180256','HY180256','2019-01-17 00:00:00','企业','3个月','05719412','浙江阳明汽车部件有限公司','环境-环境',5,'环境-环境',11000,11000,10377.358490566037,'沈辰辰',29,NULL,NULL,NULL,NULL,'2019-01-10 00:00:00',11000,0,'专',NULL),(201,'HJ185036','HJ185036','2019-01-17 00:00:00','企业','3个月','05719413','宁波车合紧固件有限公司','环境-环境',5,'环境-环境',1500,1500,1415.0943396226414,'翁际渊',9,NULL,NULL,NULL,NULL,NULL,0,1500,'专',NULL),(202,'HY180273','HY180273','2019-01-17 00:00:00','企业','3个月','05719414','宁波启顺塑胶工贸有限公司','环境-环境',5,'环境-环境',12000,12000,11320.754716981131,'宋康康',30,NULL,NULL,NULL,NULL,'2019-01-10 00:00:00',12000,0,'专',NULL),(203,'HJ190068','HJ190068','2019-01-17 00:00:00','企业','3个月','05719415','宁波震裕科技股份有限公司','环境-环境',5,'环境-环境',4000,4000,3773.584905660377,'杨正',4,NULL,NULL,NULL,NULL,'2019-01-10 00:00:00',4000,0,'专',NULL),(204,'HJ185089','HJ185089','2019-01-17 00:00:00','企业','3个月','05719416','宁波经济技术开发区岳建土建工程队','环境-环境',5,'环境-环境',2000,2000,1886.7924528301885,'杨正',4,NULL,NULL,NULL,NULL,'2019-01-10 00:00:00',2000,0,'专',NULL),(205,'HJ185265','HJ185265','2019-01-17 00:00:00','企业','3个月','05719417','宁波康泰博科技发展有限公司','环境-环境',5,'环境-环境',3600,3600,3396.2264150943392,'杨正',4,NULL,NULL,NULL,NULL,'2019-01-10 00:00:00',3600,0,'专',NULL),(206,'JC190023','JC190023','2019-01-17 00:00:00','企业','3个月','05719418','宁波尼可家用品有限公司','职卫-职卫',9,'职卫-职卫',4000,4000,3773.584905660377,'郑刚超',10,NULL,NULL,NULL,NULL,'2019-01-10 00:00:00',4000,0,'专',NULL),(207,'HS190248','HS190248','2019-01-17 00:00:00','企业','3个月','05719419','宁波市元科环保工程有限公司','环境-环境',5,'环境-环境',100,100,94.33962264150944,'张莉',6,NULL,NULL,NULL,NULL,'2019-01-10 00:00:00',100,0,'专',NULL),(208,'HJ185032','HJ185032','2019-01-17 00:00:00','企业','3个月','05719421','宁波市康宁医院','环境-环境',5,'环境-环境',1200,1200,1132.0754716981132,'杨正',4,NULL,NULL,NULL,NULL,'2019-01-10 00:00:00',1200,0,'专',NULL),(209,'HJ185322','HJ185322','2019-01-18 00:00:00','企业','3个月','05719422','宁波华翔特雷姆汽车饰件有限公司','环境-环境',5,'环境-环境',8500,8500,8018.867924528301,'钟于洋',14,NULL,NULL,NULL,NULL,NULL,0,8500,'专',NULL),(210,'HJ183624','HJ183624','2019-01-18 00:00:00','企业','3个月','05719423','台州市绿水青山环境科技有限公司','环境-环境',5,'环境-环境',10000,10000,9433.962264150943,'李倩',23,NULL,NULL,NULL,NULL,NULL,0,10000,'专',NULL),(211,'HJ183900','HJ183900','2019-01-18 00:00:00','企业','3个月','05719424','台州市绿水青山环境科技有限公司','环境-环境',5,'环境-环境',9700,9700,9150.943396226414,'李倩',23,NULL,NULL,NULL,NULL,NULL,0,9700,'专',NULL),(212,'HJ183860','HJ183860','2019-01-18 00:00:00','企业','3个月','05719425','台州市绿水青山环境科技有限公司','环境-环境',5,'环境-环境',11000,11000,10377.358490566037,'李倩',23,NULL,NULL,NULL,NULL,NULL,0,11000,'专',NULL),(213,'HJ183458','HJ183458','2019-01-18 00:00:00','企业','3个月','05719426','台州市绿水青山环境科技有限公司','环境-环境',5,'环境-环境',12000,12000,11320.754716981131,'李倩',23,NULL,NULL,NULL,NULL,NULL,0,12000,'专',NULL),(214,'HJ183625','HJ183625','2019-01-18 00:00:00','企业','3个月','05719427','台州市绿水青山环境科技有限公司','环境-环境',5,'环境-环境',19800,19800,18679.245283018867,'李倩',23,NULL,NULL,NULL,NULL,NULL,0,19800,'专',NULL),(215,'HS185232','HS185232','2019-01-18 00:00:00','企业','3个月','05719428','宁波海威汽车零件股份有限公司','环境-环境',5,'环境-环境',2600,2600,2452.830188679245,'杨正',4,NULL,NULL,NULL,NULL,'2019-01-10 00:00:00',2600,0,'专',NULL),(216,'HS185081','HS185081','2019-01-18 00:00:00','企业','3个月','05719429','航天凯天环保科技股份有限公司','环境-环境',5,'环境-环境',10200,10200,9622.64150943396,'杨正',4,NULL,NULL,NULL,NULL,NULL,0,10200,'专',NULL),(217,'JC190013','JC190013','2019-01-21 00:00:00','企业','3个月','05719430','舟山中兴汽车销售服务有限公司','职卫-职卫',9,'职卫-职卫',4000,4000,3773.584905660377,'徐磊杰',5,NULL,NULL,NULL,NULL,'2019-01-10 00:00:00',4000,0,'专',NULL),(218,'R18-0598','FJ-2018-0415','2019-01-21 00:00:00','企业','3个月','05719431','宁波明峰检验检测研究院有限公司','辐环-放射',10,'放射卫生',9000,9000,8490.566037735849,'樊怡娴',31,NULL,NULL,NULL,NULL,NULL,0,9000,'专',NULL),(219,'HJ190061','HJ190061','2019-01-21 00:00:00','企业','3个月','05719432','中科鼎实环境工程有限公司','环境-环境',5,'环境-环境',2088.2,2088.2,1969.9999999999998,'陈德藏',22,NULL,NULL,NULL,NULL,'2019-01-10 00:00:00',2088.2,0,'专',NULL),(220,'HJ184606','HJ184606','2019-01-21 00:00:00','企业','3个月','05719433','宁波兴业盛泰集团有限公司','环境-环境',5,'环境-环境',12000,12000,11320.754716981131,'张莉',6,NULL,NULL,NULL,NULL,NULL,0,12000,'专',NULL),(221,'HJ190160','HJ190160','2019-01-21 00:00:00','企业','3个月','05719434','宁波兴业盛泰集团有限公司','环境-环境',5,'环境-环境',2000,2000,1886.7924528301885,'张莉',6,NULL,NULL,NULL,NULL,'2019-01-10 00:00:00',2000,0,'专',NULL),(222,'HS190250','HS190250','2019-01-21 00:00:00','企业','3个月','05719435','东美（宁波）环境科技有限公司','环境-环境',5,'环境-环境',1000,1000,943.3962264150942,'张莉',6,NULL,NULL,NULL,NULL,'2019-01-10 00:00:00',1000,0,'专',NULL),(223,'JC181383','JC181383','2019-01-21 00:00:00','企业','3个月','05719436','浙江振益电气有限公司','职卫-职卫',9,'职卫-职卫',1400,1400,1320.754716981132,'陈德藏',22,NULL,NULL,NULL,NULL,NULL,0,1400,'专',NULL),(224,'HJ184963','HJ184963','2019-01-21 00:00:00','企业','3个月','05719437','浙江弘达环保科技有限公司','环境-环境',5,'环境-环境',88000,88000,83018.8679245283,'陈晓贝',40,NULL,NULL,NULL,NULL,'2019-01-10 00:00:00',88000,0,'专',NULL),(225,'HJ184942','HJ184942','2019-01-21 00:00:00','企业','3个月','05719438','台州市炎发再生物资有限公司','环境-环境',5,'环境-环境',26000,26000,24528.30188679245,'陈晓贝',40,NULL,NULL,NULL,NULL,NULL,0,26000,'专',NULL),(226,'WT190004','WT190004','2019-01-21 00:00:00','企业','3个月','05719439','浙江欧伦泰防火设备有限公司','职卫-职卫',9,'职卫-职卫',5000,5000,4716.981132075472,'褚震',25,NULL,NULL,NULL,NULL,'2019-01-10 00:00:00',5000,0,'专',NULL),(227,'JC190007','JC190007','2019-01-21 00:00:00','企业','3个月','05719440','浙江汇德隆家居用品有限公司','职卫-职卫',9,'职卫-职卫',6500,6500,6132.075471698113,'褚震',25,NULL,NULL,NULL,NULL,'2019-01-10 00:00:00',6500,0,'专',NULL),(228,'JC190006','JC190006','2019-01-21 00:00:00','企业','3个月','05719441','宁波吉盛电子有限公司','职卫-职卫',9,'职卫-职卫',6000,6000,5660.377358490566,'褚震',25,NULL,NULL,NULL,NULL,'2019-01-10 00:00:00',6000,0,'专',NULL),(229,'JC181303','JC181303','2019-01-21 00:00:00','企业','3个月','05719442','金泰石化能源有限公司','职卫-职卫',9,'职卫-职卫',6500,6500,6132.075471698113,'褚震',25,NULL,NULL,NULL,NULL,'2019-01-10 00:00:00',6500,0,'专',NULL),(230,'HJ190195','HJ190195','2019-01-21 00:00:00','企业','3个月','05719443','宁波艾森饰品有限公司','环境-环境',5,'环境-环境',2000,2000,1886.7924528301885,'褚震',25,NULL,NULL,NULL,NULL,NULL,0,2000,'专',NULL),(231,'HJ190189','HJ190189','2019-01-21 00:00:00','企业','3个月','05719444','浙江汇德隆家居用品有限公司','环境-环境',5,'环境-环境',3500,3500,3301.88679245283,'褚震',25,NULL,NULL,NULL,NULL,'2019-01-10 00:00:00',3500,0,'专',NULL),(232,'HJ190088','HJ190088','2019-01-21 00:00:00','企业','3个月','05719445','宁波吉盛电子有限公司','环境-环境',5,'环境-环境',5000,5000,4716.981132075472,'褚震',25,NULL,NULL,NULL,NULL,'2019-01-10 00:00:00',5000,0,'专',NULL),(233,'HJ183834','HJ183834','2019-01-21 00:00:00','企业','3个月','05719446','道达尔石化（宁波）有限公司','环境-环境',5,'环境-环境',12920,12920,12188.679245283018,'何小燕',43,NULL,NULL,NULL,NULL,'2019-01-10 00:00:00',12920,0,'专',NULL),(234,'WT180233','WT180233','2019-01-21 00:00:00','企业','3个月','05719447','宁波丸万塑料包装制品有限公司','职卫-职卫',9,'职卫-职卫',1500,1500,1415.0943396226414,'郑尚涛',18,NULL,NULL,NULL,NULL,'2019-01-10 00:00:00',1500,0,'专',NULL),(235,'WT180232','WT180232','2019-01-21 00:00:00','企业','3个月','05719448','宁波港太塑料制品有限公司','职卫-职卫',9,'职卫-职卫',1500,1500,1415.0943396226414,'郑尚涛',18,NULL,NULL,NULL,NULL,'2019-01-10 00:00:00',1500,0,'专',NULL),(236,'HJ184648','HJ184648','2019-01-21 00:00:00','企业','3个月','05719449','青岛新东机械有限公司','环境-环境',5,'环境-环境',1000,1000,943.3962264150942,'褚震',25,NULL,NULL,NULL,NULL,'2019-01-10 00:00:00',1000,0,'专',NULL),(237,'JC181377','JC181377','2019-01-21 00:00:00','企业','3个月','05719450','宁波三灵电子有限公司','职卫-职卫',9,'职卫-职卫',5000,5000,4716.981132075472,'褚震',25,NULL,NULL,NULL,NULL,'2019-01-10 00:00:00',5000,0,'专',NULL),(238,'HS190268','HS190268','2019-01-21 00:00:00','企业','3个月','05719451','上海兰纳新材料有限公司','环境-环境',5,'环境-环境',200,200,188.67924528301887,'杨正',4,NULL,NULL,NULL,NULL,'2019-01-10 00:00:00',200,0,'专',NULL),(239,'JC190012','JC190012','2019-01-21 00:00:00','企业','3个月','05719452','日照航顺疏浚工程有限公司','职卫-职卫',9,'职卫-职卫',5000,5000,4716.981132075472,'郑尚涛',18,NULL,NULL,NULL,NULL,NULL,0,5000,'专',NULL),(240,'HJ184649','HJ184649','2019-01-21 00:00:00','企业','3个月','05719453','广州市怡森环保设备有限公司','环境-环境',5,'环境-环境',2000,2000,1886.7924528301885,'褚震',25,NULL,NULL,NULL,NULL,'2019-01-10 00:00:00',2000,0,'专',NULL),(241,'HJ190204','HJ190204','2019-01-21 00:00:00','企业','3个月','05719454','浙江力玄运动科技股份有限公司','环境-环境',5,'环境-环境',1000,1000,943.3962264150942,'钟于洋',14,NULL,NULL,NULL,NULL,NULL,0,1000,'专',NULL),(242,'HJ184628','HJ184628','2019-01-21 00:00:00','企业','3个月','05719455','常石集团（舟山）造船有限公司','环境-环境',5,'环境-环境',16910,16910,15952.830188679245,'褚震',25,NULL,NULL,NULL,NULL,NULL,0,16910,'专',NULL),(243,'HJ190084','HJ190084','2019-01-21 00:00:00','企业','3个月','05719456','宁波水智慧工程咨询有限公司','环境-环境',5,'环境-环境',2000,2000,1886.7924528301885,'刘毅',15,NULL,NULL,NULL,NULL,'2019-01-10 00:00:00',2000,0,'专',NULL),(244,'ZWPJ180323','ZWPJ180323','2019-01-21 00:00:00','企业','3个月','05719457','余姚新合利金属制品有限公司','职卫-职卫',9,'职卫-职卫',5000,5000,4716.981132075472,'褚震',25,NULL,NULL,NULL,NULL,'2019-01-10 00:00:00',5000,0,'专',NULL),(245,'JC181353','JC181353','2019-01-21 00:00:00','企业','3个月','05719457','余姚新合利金属制品有限公司','职卫-职卫',9,'职卫-职卫',5000,5000,4716.981132075472,'褚震',25,NULL,NULL,NULL,NULL,'2019-01-10 00:00:00',5000,0,'专',NULL),(246,'R19-0021','FJ-2019-0019','2019-01-22 00:00:00','企业','3个月','05719458','宁波市镇海金泰金属制品有限公司','辐环-放射',10,'放射卫生',4000,4000,3773.584905660377,'陈超军',11,NULL,NULL,NULL,NULL,NULL,0,4000,'专',NULL),(247,'HJ190076','HJ190076','2019-01-22 00:00:00','企业','3个月','05719459','宁波新乐电器有限公司','环境-环境',5,'环境-环境',4500,4500,4245.2830188679245,'杨正',4,NULL,NULL,NULL,NULL,'2019-01-10 00:00:00',4500,0,'专',NULL),(248,'HJ185286','HJ185286','2019-01-22 00:00:00','企业','3个月','05719460','浙江保威尔科技有限公司','环境-环境',5,'环境-环境',2500,2500,2358.490566037736,'杨正',4,NULL,NULL,NULL,NULL,NULL,0,2500,'专',NULL),(249,'R19-0019','FJ-2019-0020','2019-01-22 00:00:00','企业','3个月','05719461','宁波市鄞州新鑫钢带制品厂（普通合伙）','辐环-放射',10,'放射卫生',2000,2000,1886.7924528301885,'沈辰辰',29,NULL,NULL,NULL,NULL,'2019-01-10 00:00:00',2000,0,'专',NULL),(250,'HY180272','HY180272','2019-01-22 00:00:00','企业','3个月','05719462','宁波杰森绿色能源科技有限公司','环境-环境',5,'环境-环境',30000,30000,28301.886792452828,'王小明',24,NULL,NULL,NULL,NULL,NULL,0,30000,'专',NULL),(251,'HJ185238','HJ185238','2019-01-22 00:00:00','企业','3个月','05719463','慈溪市龙发铝制罐有限公司','环境-环境',5,'环境-环境',2600,2600,2452.830188679245,'鲁升翔',33,NULL,NULL,NULL,NULL,NULL,0,2600,'专',NULL),(252,'JC181361','JC181361','2019-01-23 00:00:00','企业','3个月','05719464','宁波市顺逸服饰有限公司','职卫-职卫',9,'职卫-职卫',-3000,-3000,-2830.188679245283,'徐磊杰',5,NULL,NULL,NULL,NULL,'2019-01-10 00:00:00',-3000,0,'专',NULL),(253,'JC181361','JC181361','2019-01-23 00:00:00','企业','3个月','05719465','宁波市顺逸服饰有限公司','职卫-职卫',9,'职卫-职卫',3000,3000,2830.188679245283,'徐磊杰',5,NULL,NULL,NULL,NULL,'2019-01-10 00:00:00',3000,0,'专',NULL),(254,'HS190286','HS190286','2019-01-23 00:00:00','企业','3个月','05719466','安徽创源文化发展有限公司','环境-环境',5,'环境-环境',200,200,188.67924528301887,'张莉',6,NULL,NULL,NULL,NULL,'2019-01-10 00:00:00',200,0,'专',NULL),(255,'HJ184815','HJ184815','2019-01-23 00:00:00','企业','3个月','05719467','镇海国家石油储备基地有限责任公司','环境-环境',5,'环境-环境',9500,9500,8962.264150943396,'杨正',4,NULL,NULL,NULL,NULL,'2019-01-10 00:00:00',9500,0,'专',NULL),(256,'JC190019','JC190019','2019-01-23 00:00:00','企业','3个月','05719468','宁波立强机械有限公司','职卫-职卫',9,'职卫-职卫',10000,10000,9433.962264150943,'钟于洋',14,NULL,NULL,NULL,NULL,NULL,0,10000,'专',NULL),(257,'HJ190154','HJ190154','2019-01-23 00:00:00','企业','3个月','05719469','宁波亚洲纸管纸箱有限公司','环境-环境',5,'环境-环境',2200,2200,2075.4716981132074,'郑尚涛',18,NULL,NULL,NULL,NULL,NULL,0,2200,'专',NULL),(258,'JC190004','JC190004','2019-01-23 00:00:00','企业','3个月','05719470','宁波鼎行洁具有限公司','职卫-职卫',9,'职卫-职卫',4000,4000,3773.584905660377,'郑尚涛',18,NULL,NULL,NULL,NULL,'2019-01-10 00:00:00',4000,0,'普',NULL),(259,'HJ190057','HJ190057','2019-01-23 00:00:00','企业','3个月','05719470','宁波鼎行洁具有限公司','环境-环境',5,'环境-环境',1500,1500,1415.0943396226414,'钟于洋',14,NULL,NULL,NULL,NULL,'2019-01-10 00:00:00',1500,0,'普',NULL),(260,'R19-0020','FJ-2019-0027','2019-01-23 00:00:00','企业','3个月','05719471','宁波天衡检测有限公司','辐环-放射',10,'放射卫生',1500,1500,1415.0943396226414,'井瑜',7,NULL,NULL,NULL,NULL,'2019-01-10 00:00:00',1500,0,'普',NULL),(261,'A19-0002','A19-0002','2019-01-23 00:00:00','企业','3个月','05719472','国网浙江省电力有限公司宁波供电公司','辐环-室内空气',8,'室内空气',4500,4500,4245.2830188679245,'熊小红',12,NULL,NULL,NULL,NULL,NULL,0,4500,'普',NULL),(262,'P19-0015','GW-2019-0015','2019-01-23 00:00:00','企业','3个月','05719473','国网浙江省电力有限公司宁波供电公司','辐环-公共卫生',7,'公共卫生',1500,1500,1415.0943396226414,'熊小红',12,NULL,NULL,NULL,NULL,NULL,0,1500,'普',NULL),(263,'A18-0251','A18-0251','2019-01-23 00:00:00','企业','3个月','05719474','国网浙江省电力有限公司宁波供电公司','辐环-室内空气',8,'室内空气',6000,6000,5660.377358490566,'熊小红',12,NULL,NULL,NULL,NULL,NULL,0,6000,'普',NULL),(264,'A19-0013','A19-0013','2019-01-23 00:00:00','企业','3个月','05719475','宁波影秀城酒店管理有限公司','辐环-室内空气',8,'室内空气',2000,2000,1886.7924528301885,'熊小红',12,NULL,NULL,NULL,NULL,NULL,0,2000,'普',NULL),(265,'HY180257','HY180257','2019-01-23 00:00:00','企业','3个月','05719476','温州西子蓝环保科技有限公司','环境-环境',5,'环境-环境',7800,7800,7358.490566037735,'陈德藏',22,NULL,NULL,NULL,NULL,'2019-01-10 00:00:00',7800,0,'普',NULL),(266,'A19-0001','A19-0001','2019-01-23 00:00:00','企业','3个月','05719477','沃茨水设备制造（宁波）有限公司','辐环-室内空气',8,'室内空气',9600,9600,9056.603773584906,'吴方明',34,NULL,NULL,NULL,NULL,NULL,0,9600,'普',NULL),(267,'HJ180040','HJ180040','2019-01-23 00:00:00','企业','3个月','05719478','宁波湛蓝环保技术服务有限公司','环境-环境',5,'环境-环境',10000,10000,9433.962264150943,'刘毅',15,NULL,NULL,NULL,NULL,'2019-01-10 00:00:00',10000,0,'普',NULL),(268,'HS185347','HS185347','2019-01-23 00:00:00','企业','3个月','05719479','宁波华晟轻工集团有限公司','环境-环境',5,'环境-环境',700,700,660.377358490566,'孙健超',17,NULL,NULL,NULL,NULL,'2019-01-10 00:00:00',700,0,'普',NULL),(269,'HJ185088','HJ185088','2019-01-23 00:00:00','企业','3个月','05719480','宁波乐驰汽车部件有限公司','环境-环境',5,'环境-环境',5000,5000,4716.981132075472,'王小明',24,NULL,NULL,NULL,NULL,NULL,0,5000,'普',NULL),(270,'HJ190149','HJ190149','2019-01-23 00:00:00','企业','3个月','05719481','宁波市海曙诚工钥匙厂','环境-环境',5,'环境-环境',1000,1000,943.3962264150942,'杨正',4,NULL,NULL,NULL,NULL,'2019-01-10 00:00:00',1000,0,'普',NULL),(271,'JC181375','JC181375','2019-01-23 00:00:00','企业','3个月','05719483','桐乡市龙欣印染有限公司','职卫-职卫',9,'职卫-职卫',8500,8500,8018.867924528301,'胡亚芬',26,NULL,NULL,NULL,NULL,NULL,0,8500,'普',NULL),(272,'HJ184327','HJ184327','2019-01-23 00:00:00','企业','3个月','05719484','宁波旭泰环境科技有限公司','环境-环境',5,'环境-环境',13000,13000,12264.150943396226,'刘毅',15,NULL,NULL,NULL,NULL,'2019-01-10 00:00:00',13000,0,'普',NULL),(273,'JC181275','JC181275','2019-01-24 00:00:00','企业','3个月','05719485','长兴新城环保有限公司','职卫-职卫',9,'职卫-职卫',6500,6500,6132.075471698113,'陈磊',13,NULL,NULL,NULL,NULL,'2019-01-10 00:00:00',6500,0,'普',NULL),(274,'HS185346','HS185346','2019-01-24 00:00:00','企业','3个月','05719486','宁波立羊真空器皿有限公司','环境-环境',5,'环境-环境',1100,1100,1037.7358490566037,'孙健超',17,NULL,NULL,NULL,NULL,'2019-01-10 00:00:00',1100,0,'普',NULL),(275,'HJ190193','HJ190193','2019-01-24 00:00:00','企业','3个月','05719487','宁波宏之昊建筑装饰有限公司','环境-环境',5,'环境-环境',1000,1000,943.3962264150942,'杨正',4,NULL,NULL,NULL,NULL,'2019-01-10 00:00:00',1000,0,'普',NULL),(276,'HJ185086','HJ185086','2019-01-24 00:00:00','企业','3个月','05719487','宁波宏之昊建筑装饰有限公司','环境-环境',5,'环境-环境',1000,1000,943.3962264150942,'杨正',4,NULL,NULL,NULL,NULL,'2019-01-10 00:00:00',1000,0,'普',NULL);

/*Table structure for table `t_target` */

DROP TABLE IF EXISTS `t_target`;

CREATE TABLE `t_target` (
  `id` int(10) unsigned NOT NULL AUTO_INCREMENT,
  `name` varchar(100) DEFAULT NULL,
  `target` double DEFAULT NULL,
  `type` int(1) DEFAULT '0',
  `year` date DEFAULT NULL,
  `user_id` int(11) DEFAULT '0',
  `group_id` int(11) DEFAULT '0',
  `gmt_create` datetime DEFAULT NULL,
  `gmt_modified` datetime DEFAULT NULL,
  PRIMARY KEY (`id`)
) ENGINE=InnoDB AUTO_INCREMENT=1112 DEFAULT CHARSET=utf8mb4;

/*Data for the table `t_target` */

insert  into `t_target`(`id`,`name`,`target`,`type`,`year`,`user_id`,`group_id`,`gmt_create`,`gmt_modified`) values (1,'111',1111,0,'2019-02-15',1,0,NULL,NULL),(3,'1111',2222,0,'2018-12-31',2,0,NULL,NULL),(4,'1111',11,0,'2017-12-31',2,0,NULL,NULL),(1111,'111',1111,0,'2026-01-01',1,0,NULL,NULL);

/*Table structure for table `t_user` */

DROP TABLE IF EXISTS `t_user`;

CREATE TABLE `t_user` (
  `id` int(10) unsigned NOT NULL AUTO_INCREMENT,
  `name` varchar(100) DEFAULT NULL,
  `dep_id` int(11) DEFAULT NULL,
  `type` int(1) DEFAULT '0',
  `gmt_create` datetime DEFAULT NULL,
  `gmt_modified` datetime DEFAULT NULL,
  `password` varchar(100) DEFAULT NULL,
  PRIMARY KEY (`id`),
  UNIQUE KEY `name` (`name`)
) ENGINE=InnoDB AUTO_INCREMENT=44 DEFAULT CHARSET=utf8mb4;

/*Data for the table `t_user` */

insert  into `t_user`(`id`,`name`,`dep_id`,`type`,`gmt_create`,`gmt_modified`,`password`) values (4,'杨正',5,2,NULL,NULL,'96e79218965eb72c92a549dd5a330112'),(5,'徐磊杰',7,1,NULL,NULL,'96e79218965eb72c92a549dd5a330112'),(6,'张莉',7,0,NULL,NULL,'96e79218965eb72c92a549dd5a330112'),(7,'井瑜',7,2,NULL,NULL,'3f6374df179056f62a8ddc8443a7d374'),(8,'王青',5,0,NULL,NULL,NULL),(9,'翁际渊',5,0,NULL,NULL,NULL),(10,'郑刚超',7,0,NULL,NULL,NULL),(11,'陈超军',5,0,NULL,NULL,NULL),(12,'熊小红',7,0,NULL,NULL,NULL),(13,'陈磊',5,0,NULL,NULL,NULL),(14,'钟于洋',7,0,NULL,NULL,NULL),(15,'刘毅',9,0,NULL,NULL,NULL),(16,'陈钊增',7,0,NULL,NULL,NULL),(17,'孙健超',7,0,NULL,NULL,NULL),(18,'郑尚涛',7,0,NULL,NULL,NULL),(19,'范娇君',7,0,NULL,NULL,NULL),(20,'章佳文',7,0,NULL,NULL,NULL),(21,'吴美杰',7,0,NULL,NULL,NULL),(22,'陈德藏',7,0,NULL,NULL,NULL),(23,'李倩',7,0,NULL,NULL,NULL),(24,'王小明',7,0,NULL,NULL,NULL),(25,'褚震',7,0,NULL,NULL,NULL),(26,'胡亚芬',7,0,NULL,NULL,NULL),(27,'吴烨铿',7,0,NULL,NULL,NULL),(28,'廖桂陶',7,0,NULL,NULL,NULL),(29,'沈辰辰',7,0,NULL,NULL,NULL),(30,'宋康康',7,0,NULL,NULL,NULL),(31,'樊怡娴',7,0,NULL,NULL,NULL),(33,'鲁升翔',7,0,NULL,NULL,NULL),(34,'吴方明',7,0,NULL,NULL,NULL),(35,'施晓军',7,0,NULL,NULL,NULL),(36,'朱华斌',7,0,NULL,NULL,NULL),(37,'施骏迪',7,0,NULL,NULL,NULL),(38,'冯建林',7,0,NULL,NULL,NULL),(39,'丁凯翔',7,0,NULL,NULL,NULL),(40,'陈晓贝',7,0,NULL,NULL,NULL),(43,'何小燕',7,0,NULL,NULL,NULL);

/*!40101 SET SQL_MODE=@OLD_SQL_MODE */;
/*!40014 SET FOREIGN_KEY_CHECKS=@OLD_FOREIGN_KEY_CHECKS */;
/*!40014 SET UNIQUE_CHECKS=@OLD_UNIQUE_CHECKS */;
/*!40111 SET SQL_NOTES=@OLD_SQL_NOTES */;
