/*
SQLyog Ultimate v11.24 (32 bit)
MySQL - 5.7.15 : Database - zhongyi
*********************************************************************
*/

/*!40101 SET NAMES utf8 */;

/*!40101 SET SQL_MODE=''*/;

/*!40014 SET @OLD_UNIQUE_CHECKS=@@UNIQUE_CHECKS, UNIQUE_CHECKS=0 */;
/*!40014 SET @OLD_FOREIGN_KEY_CHECKS=@@FOREIGN_KEY_CHECKS, FOREIGN_KEY_CHECKS=0 */;
/*!40101 SET @OLD_SQL_MODE=@@SQL_MODE, SQL_MODE='NO_AUTO_VALUE_ON_ZERO' */;
/*!40111 SET @OLD_SQL_NOTES=@@SQL_NOTES, SQL_NOTES=0 */;
CREATE DATABASE /*!32312 IF NOT EXISTS*/`zhongyi` /*!40100 DEFAULT CHARACTER SET utf8mb4 */;

USE `zhongyi`;

/*Table structure for table `sheet1$` */

DROP TABLE IF EXISTS `sheet1$`;

CREATE TABLE `sheet1$` (
  `王青` varchar(255) DEFAULT NULL
) ENGINE=InnoDB DEFAULT CHARSET=utf8;

/*Data for the table `sheet1$` */

insert  into `sheet1$`(`王青`) values ('翁际渊'),('陈晓贝'),('郑刚超'),('陈超军'),('熊小红'),('陈磊'),('钟于洋'),('刘毅'),('陈钊增'),('孙健超'),('郑尚涛'),('范娇君'),('章佳文'),('吴美杰'),('陈德藏'),('李倩'),('王小明'),('褚震'),('胡亚芬'),('吴烨铿'),('廖桂陶'),('沈辰辰'),('宋康康'),('樊怡娴'),('何小燕'),('鲁升翔'),('吴方明'),('施晓军'),('朱华斌'),('施骏迪'),('冯建林'),('丁凯翔');

/*Table structure for table `t_department` */

DROP TABLE IF EXISTS `t_department`;

CREATE TABLE `t_department` (
  `id` int(10) unsigned NOT NULL AUTO_INCREMENT,
  `name` varchar(100) DEFAULT NULL,
  `pid` int(10) unsigned NOT NULL,
  `gmt_create` timestamp NULL DEFAULT NULL,
  `gmt_modified` timestamp NULL DEFAULT NULL,
  PRIMARY KEY (`id`)
) ENGINE=InnoDB AUTO_INCREMENT=12 DEFAULT CHARSET=utf8mb4;

/*Data for the table `t_department` */

insert  into `t_department`(`id`,`name`,`pid`,`gmt_create`,`gmt_modified`) values (5,'环境',0,NULL,NULL),(6,'辐环',0,NULL,NULL),(7,'公共卫生',6,NULL,NULL),(8,'室内空气',6,NULL,NULL),(9,'职卫',0,NULL,NULL),(10,'放射',6,NULL,NULL),(11,'节能',0,NULL,NULL);

/*Table structure for table `t_group` */

DROP TABLE IF EXISTS `t_group`;

CREATE TABLE `t_group` (
  `id` int(10) unsigned NOT NULL AUTO_INCREMENT,
  `name` varchar(100) DEFAULT NULL,
  `gmt_create` datetime DEFAULT NULL,
  `gmt_modified` datetime DEFAULT NULL,
  PRIMARY KEY (`id`)
) ENGINE=InnoDB AUTO_INCREMENT=13 DEFAULT CHARSET=utf8mb4;

/*Data for the table `t_group` */

insert  into `t_group`(`id`,`name`,`gmt_create`,`gmt_modified`) values (10,'qqqq',NULL,NULL),(12,'ssss',NULL,NULL);

/*Table structure for table `t_group_member` */

DROP TABLE IF EXISTS `t_group_member`;

CREATE TABLE `t_group_member` (
  `id` int(10) unsigned NOT NULL AUTO_INCREMENT,
  `group_id` int(10) unsigned DEFAULT NULL,
  `user_id` int(10) unsigned DEFAULT NULL,
  PRIMARY KEY (`id`)
) ENGINE=InnoDB AUTO_INCREMENT=10 DEFAULT CHARSET=utf8mb4;

/*Data for the table `t_group_member` */

insert  into `t_group_member`(`id`,`group_id`,`user_id`) values (8,10,2),(9,12,1);

/*Table structure for table `t_invoice` */

DROP TABLE IF EXISTS `t_invoice`;

CREATE TABLE `t_invoice` (
  `id` int(10) unsigned NOT NULL AUTO_INCREMENT,
  `task_id` varchar(100) NOT NULL,
  `contract_number` varchar(100) NOT NULL,
  `invoice_date` datetime NOT NULL,
  `credit_type` varchar(20) NOT NULL,
  `credit_limit` varchar(20) NOT NULL,
  `invoice_number` varchar(50) NOT NULL,
  `invoice_office` varchar(100) NOT NULL,
  `department_name` varchar(20) NOT NULL,
  `dep_id` int(11) NOT NULL,
  `invoice_project` varchar(100) NOT NULL,
  `contract_amount` double NOT NULL,
  `invoice_amount` double NOT NULL,
  `no_tax_amount` double NOT NULL,
  `contract_user` varchar(30) NOT NULL,
  `user_id` int(11) NOT NULL,
  `invoice_nature` varchar(20) DEFAULT NULL,
  `invoice_signatory` varchar(20) DEFAULT NULL,
  `report_number` varchar(100) DEFAULT NULL,
  `report_date` datetime DEFAULT NULL,
  `received_date` datetime DEFAULT NULL,
  `received_amount` double DEFAULT NULL,
  `no_received_amount` double DEFAULT NULL,
  `invoice_type` varchar(20) DEFAULT NULL,
  PRIMARY KEY (`id`),
  UNIQUE KEY `task_id` (`task_id`,`invoice_number`)
) ENGINE=InnoDB AUTO_INCREMENT=451 DEFAULT CHARSET=utf8mb4;

/*Data for the table `t_invoice` */

insert  into `t_invoice`(`id`,`task_id`,`contract_number`,`invoice_date`,`credit_type`,`credit_limit`,`invoice_number`,`invoice_office`,`department_name`,`dep_id`,`invoice_project`,`contract_amount`,`invoice_amount`,`no_tax_amount`,`contract_user`,`user_id`,`invoice_nature`,`invoice_signatory`,`report_number`,`report_date`,`received_date`,`received_amount`,`no_received_amount`,`invoice_type`) values (1,'HS184043','HS184043','2019-01-02 00:00:00','企业','3个月','05672454','宁波大禹水处理设备有限公司','环境-环境',5,'环境-环境',200,200,188.679245283019,'杨正',4,'正常','杨正','HS184043','2018-12-27 00:00:00',NULL,0,0,NULL),(2,'HJ184747','HJ184747','2019-01-02 00:00:00','企业','3个月','05672455','宁波戴维医疗器械股份有限公司','环境-环境',5,'环境-环境',2500,2500,2358.49056603774,'杨正',4,'正常','杨正','HJ184747','2018-12-27 00:00:00',NULL,0,0,NULL),(3,'HJ185019','HJ185019','2019-01-02 00:00:00','企业','3个月','05672456','宁波庄宏亿轴承有限公司','环境-环境',5,'环境-环境',1500,1500,1415.09433962264,'杨正',4,'正常','杨正','HJ185019','2018-12-24 00:00:00',NULL,0,0,NULL),(4,'HJ184821','HJ184821','2019-01-02 00:00:00','企业','3个月','05672457','宁波硕达电子科技有限公司','环境-环境',5,'环境-环境',3500,3500,3301.88679245283,'杨正',4,'正常','杨正','HJ184821','2018-12-11 00:00:00',NULL,0,0,NULL),(5,'P18-1803','GW-2018-1803','2019-01-02 00:00:00','企业','3个月','05672458','宁波弘泰包装新材料科技有限公司','辐环-公共卫生',7,'公共卫生',1500,1500,1415.09433962264,'杨正',4,'正常','杨正','GW18-12-1803','2018-12-22 00:00:00',NULL,0,0,NULL),(6,'A18-0229','A18-0229','2019-01-02 00:00:00','企业','3个月','05672459','东睦新材料集团股份有限公司','辐环-室内空气',8,'室内空气',2400,2400,2264.15094339623,'杨正',4,'正常','杨正','JZ18-12-0439','2018-12-19 00:00:00',NULL,0,0,NULL),(7,'A18-0218','A18-0218','2019-01-02 00:00:00','企业','3个月','05672459','东睦新材料集团股份有限公司','辐环-室内空气',8,'室内空气',2400,2400,2264.15094339623,'杨正',4,'正常','杨正','JZ18-12-0440','2018-12-19 00:00:00',NULL,0,0,NULL),(8,'P18-1758','GW-2018-1758','2019-01-02 00:00:00','企业','3个月','05672460','宁波丽兹大酒店有限公司','辐环-公共卫生',7,'公共卫生',2000,2000,1886.79245283019,'杨正',4,'正常','杨正','GW18-12-1758','2018-12-18 00:00:00',NULL,0,0,NULL),(9,'P18-1793','GW-2018-1793','2019-01-02 00:00:00','企业','3个月','05672461','中科盛博建设集团有限公司','辐环-公共卫生',7,'公共卫生',1000,1000,943.396226415094,'杨正',4,'正常','杨正','GW18-12-1793','2018-12-26 00:00:00',NULL,0,0,NULL),(10,'HJ184626','HJ184626','2019-01-02 00:00:00','企业','3个月','05672462','慈溪市甬联电子有限公司','环境-环境',5,'环境-环境',2800,2800,2641.50943396226,'杨正',4,'正常','杨正','HJ184626','2018-12-26 00:00:00',NULL,0,0,NULL),(11,'ZWPJ180145','ZWPJ180145','2019-01-02 00:00:00','企业','3个月','05672463','浙江吉润梅山汽车部件有限公司','职卫-职卫',9,'职卫-职卫',70000,70000,66037.7358490566,'徐磊杰',5,'正常','徐磊杰','ZWPJ2018-067','2018-12-27 00:00:00',NULL,0,0,NULL),(12,'JC181316','JC181316','2019-01-02 00:00:00','企业','3个月','05672464','宁波桦霖机械工业有限公司','职卫-职卫',9,'职卫-职卫',2800,2800,2641.50943396226,'徐磊杰',5,'正常','徐磊杰','JC181316','2018-12-24 00:00:00',NULL,0,0,NULL),(13,'JC181179','JC181179','2019-01-02 00:00:00','企业','3个月','05672465','宁波斯迈克制药有限公司','职卫-职卫',9,'职卫-职卫',9000,9000,8490.56603773585,'徐磊杰',5,'正常','徐磊杰','JC181179','2018-12-26 00:00:00',NULL,0,0,NULL),(14,'JC181284','JC181284','2019-01-02 00:00:00','企业','3个月','05672466','宁波冠瑞医疗器械有限公司','职卫-职卫',9,'职卫-职卫',5000,5000,4716.98113207547,'徐磊杰',5,'正常','徐磊杰','JC181284','2018-12-22 00:00:00',NULL,0,0,NULL),(15,'HS184215','HS184215','2019-01-03 00:00:00','企业','3个月','05672493','宁波大榭开发区生态污水处理有限公司','环境-环境',5,'环境-环境',1350,1350,1273.58490566038,'张莉',6,'正常','王梦蝶','HS184215','2018-11-01 00:00:00',NULL,0,0,NULL),(16,'HS184859','HS184859','2019-01-03 00:00:00','企业','3个月','05672493','宁波大榭开发区生态污水处理有限公司','环境-环境',5,'环境-环境',1350,1350,1273.58490566038,'张莉',6,'正常','王梦蝶','HS184859','2018-12-04 00:00:00',NULL,0,0,NULL),(17,'HY180230','HY180230','2019-01-03 00:00:00','企业','3个月','05672494','林德气体（宁波）有限公司大榭分公司','环境-环境',5,'环境-环境',5000,5000,4716.98113207547,'井瑜',7,'正常','贺苗妙','HY180230','2018-11-01 00:00:00',NULL,0,0,NULL),(18,'HY180229','HY180229','2019-01-03 00:00:00','企业','3个月','05672494','林德气体（宁波）有限公司大榭分公司','环境-环境',5,'环境-环境',5000,5000,4716.98113207547,'井瑜',7,'正常','贺苗妙','HY180229','2018-11-01 00:00:00',NULL,0,0,NULL),(19,'HJ185087','HJ185087','2019-01-03 00:00:00','企业','3个月','05672495','浙江欣捷建设有限公司','环境-环境',5,'环境-环境',1200,1200,1132.07547169811,'杨正',4,'正常',NULL,'HJ185087','2018-12-25 00:00:00',NULL,0,0,NULL),(20,'HJ184644','HJ184644','2019-01-03 00:00:00','企业','3个月','05672496','宁波轩昂电器配件有限公司','环境-环境',5,'环境-环境',1200,1200,1132.07547169811,'杨正',4,'正常','沈辰辰','HJ184644','2018-12-25 00:00:00',NULL,0,0,NULL),(21,'HJ185090','HJ185090','2019-01-03 00:00:00','企业','3个月','05672496','宁波轩昂电器配件有限公司','环境-环境',5,'环境-环境',1200,1200,1132.07547169811,'杨正',4,'正常','沈辰辰','HJ185090','2018-12-25 00:00:00',NULL,0,0,NULL),(22,'JC181342','JC181342','2019-01-03 00:00:00','企业','3个月','05672497','宁波伟力精密紧固件有限公司','职卫-职卫',9,'职卫-职卫',3000,3000,2830.18867924528,'徐磊杰',5,'正常','徐磊杰','JC181342','2018-12-27 00:00:00',NULL,0,0,NULL),(23,'HJ180753','HJ180753','2019-01-03 00:00:00','企业','3个月','05672498','宁波市鄞州繁荣建材有限公司','环境-环境',5,'环境-环境',15000,7500,7075.47169811321,'王青',8,'正常','沈辰辰','HJ180753','2018-12-25 00:00:00',NULL,0,0,NULL),(24,'HJ185101','HJ185101','2019-01-03 00:00:00','企业','3个月','05672499','宁波市海曙腾凌模具厂（普通合伙）','环境-环境',5,'环境-环境',3000,3000,2830.18867924528,'翁际渊',9,'正常','沈辰辰','HJ185101','2018-12-20 00:00:00',NULL,0,0,NULL),(25,'HJ185169','HJ185169','2019-01-03 00:00:00','企业','3个月','05672500','宁波市盛昊包装有限公司','环境-环境',5,'环境-环境',4000,4000,3773.58490566038,'翁际渊',9,'正常','沈辰辰','HJ185169','2018-12-25 00:00:00',NULL,0,0,NULL),(26,'HJ185170','HJ185170','2019-01-03 00:00:00','企业','3个月','05672501','宁波市海曙鑫鑫彩印包装厂','环境-环境',5,'环境-环境',4000,4000,3773.58490566038,'翁际渊',9,'正常','沈辰辰','HJ185170','2018-12-25 00:00:00',NULL,0,0,NULL),(27,'HJ184770','HJ184770','2019-01-03 00:00:00','企业','3个月','05672502','宁波健辉包装有限公司','环境-环境',5,'环境-环境',2000,2000,1886.79245283019,'翁际渊',9,'正常','沈辰辰','HJ184770','2018-12-04 00:00:00',NULL,0,0,NULL),(28,'HJ184432','HJ184432','2019-01-03 00:00:00','企业','3个月','05672503','宁波曼森新材料有限公司','环境-环境',5,'环境-环境',5000,5000,4716.98113207547,'翁际渊',9,'正常','沈辰辰','HJ184432','2018-11-16 00:00:00',NULL,0,0,NULL),(29,'HJ185102','HJ185102','2019-01-03 00:00:00','企业','3个月','05672504','宁波市海曙百优润工艺品厂','环境-环境',5,'环境-环境',5000,5000,4716.98113207547,'翁际渊',9,'正常','沈辰辰','HJ185102','2018-12-20 00:00:00',NULL,0,0,NULL),(30,'HJ184923','HJ184923','2019-01-03 00:00:00','企业','3个月','05672505','宁波市爱使电器有限公司','环境-环境',5,'环境-环境',6000,6000,5660.37735849057,'翁际渊',9,'正常','沈辰辰','HJ184923','2018-12-22 00:00:00',NULL,0,0,NULL),(31,'HJ184396','HJ184396','2019-01-03 00:00:00','企业','3个月','05672506','宁波市海曙润霖木业有限公司','环境-环境',5,'环境-环境',10000,10000,9433.96226415094,'翁际渊',9,'正常','沈辰辰','HJ184396','2018-11-21 00:00:00',NULL,0,0,NULL),(32,'HJ184602','HJ184602','2019-01-03 00:00:00','企业','3个月','05672507','台州大峰野金属有限公司','环境-环境',5,'环境-环境',7500,7500,7075.47169811321,'陈晓贝',40,'正常','沈辰辰','HJ184602','2018-12-24 00:00:00',NULL,0,0,NULL),(33,'HJ184387','HJ184387','2019-01-03 00:00:00','企业','3个月','05672508','慈溪市崇寿铜业有限公司','环境-环境',5,'环境-环境',8000,8000,7547.16981132075,'杨正',4,'正常','沈辰辰','HJ184387','2018-12-25 00:00:00',NULL,0,0,NULL),(34,'ZWPJ180257','ZWPJ180257','2019-01-03 00:00:00','企业','3个月','05672509','宁波奉环再生能源有限公司','职卫-职卫',9,'职卫-职卫',65000,65000,61320.7547169811,'郑刚超',10,'正常','贺苗妙','ZWPJ180257','2018-12-01 00:00:00',NULL,0,0,NULL),(35,'HJ184817','HJ184817','2019-01-03 00:00:00','企业','3个月','05672510','宁波海威汽车零件股份有限公司','环境-环境',5,'环境-环境',1950,1950,1839.62264150943,'杨正',4,'正常','沈辰辰','HJ184817','2018-12-21 00:00:00',NULL,0,0,NULL),(36,'R19-0002','FJ-2019-0003','2019-01-03 00:00:00','企业','3个月','05672511','宁波鄞州艺星时代美容医院有限公司','辐环-放射',10,'放射卫生',900,900,849.056603773585,'陈超军',11,'正常','樊怡娴','FJ18-12-1503','2018-12-01 00:00:00',NULL,0,0,NULL),(37,'HS184793','HS184793','2019-01-03 00:00:00','企业','3个月','05672513','宁波奉化贝来钢球轴承有限公司','环境-环境',5,'环境-环境',400,400,377.358490566038,'张莉',6,'正常',NULL,'HS184793','2018-12-05 00:00:00',NULL,0,0,NULL),(38,'P18-1791','GW-2018-1791','2019-01-04 00:00:00','企业','3个月','05672514','宁波万美酒店管理有限责任公司','辐环-公共卫生',7,'公共卫生',1500,1500,1415.09433962264,'杨正',4,'正常','王梦蝶','gw18-12-1791','2018-01-03 00:00:00',NULL,0,0,NULL),(39,'JC190011','JC190011','2019-01-04 00:00:00','企业','3个月','05672515','宁波市海曙建顺金属制品厂','职卫-职卫',9,'职卫-职卫',3000,3000,2830.18867924528,'杨正',4,'正常','王梦蝶','检测三月份做，先开票先收钱',NULL,NULL,0,0,NULL),(40,'A18-0234','A18-0234','2019-01-04 00:00:00','企业','3个月','05672516','余姚市永泰置业有限公司','辐环-室内空气',8,'室内空气',147000,0,-94339.6226415094,'熊小红',12,'正常','熊小红','KJ18-11-0248','2018-11-28 00:00:00',NULL,0,0,NULL),(41,'A18-0234','A18-0234','2019-01-04 00:00:00','企业','3个月','05672517','余姚市永泰置业有限公司','辐环-室内空气',8,'室内空气',147000,0,-44339.6226415094,'熊小红',12,'正常','熊小红','KJ18-11-0248','2018-11-28 00:00:00',NULL,0,0,NULL),(42,'A18-0234','A18-0234','2019-01-04 00:00:00','企业','3个月','05672518','余姚市久泰置业有限公司','辐环-室内空气',8,'室内空气',147000,100000,94339.6226415094,'熊小红',12,'正常','熊小红','KJ18-11-0248','2018-11-28 00:00:00',NULL,0,0,NULL),(43,'A18-0234','A18-0234','2019-01-04 00:00:00','企业','3个月','05672519','余姚市久泰置业有限公司','辐环-室内空气',8,'室内空气',147000,47000,44339.6226415094,'熊小红',12,'正常','熊小红','KJ18-11-0248','2018-11-28 00:00:00',NULL,0,0,NULL),(44,'JC181003','JC181003','2019-01-04 00:00:00','企业','3个月','05672521','台塑工业（宁波）有限公司','职卫-职卫',9,'职卫-职卫',13000,13000,12264.1509433962,'徐磊杰',5,'正常','贺苗妙','JC181003','2018-12-20 00:00:00',NULL,0,0,NULL),(45,'JC181295','JC181295','2019-01-04 00:00:00','企业','3个月','05672522','浙江雅颜生物科技有限公司','职卫-职卫',9,'职卫-职卫',3000,3000,2830.18867924528,'杨正',4,'正常','王梦蝶','JC181295','2018-12-26 00:00:00',NULL,0,0,NULL),(46,'HJ184827','HJ184827','2019-01-04 00:00:00','企业','3个月','05672523','浙江雅颜生物科技有限公司','环境-环境',5,'环境-环境',3100,3100,2924.52830188679,'杨正',4,'正常','王梦蝶','HJ184827','2018-12-25 00:00:00',NULL,0,0,NULL),(47,'P18-1740','GW-2018-1740','2019-01-04 00:00:00','企业','3个月','05672523','浙江雅颜生物科技有限公司','辐环-公共卫生',7,'公共卫生',900,900,849.056603773585,'杨正',4,'正常','王梦蝶','GW18-12-1740','2018-12-25 00:00:00',NULL,0,0,NULL),(48,'HY180248','HY180248','2019-01-04 00:00:00','企业','3个月','05672524','宁波长城电机制造厂','环境-环境',5,'环境-环境',10000,10000,9433.96226415094,'张莉',6,'正常','王梦蝶','HY180248','2018-12-04 00:00:00',NULL,0,0,NULL),(49,'ZS181380','ZS181380','2019-01-04 00:00:00','企业','3个月','05672525','上海度标检测技术有限公司','职卫-职卫',9,'职卫-职卫',3600,3600,3396.22641509434,'张莉',6,'正常','王梦蝶','ZS181380','2019-01-03 00:00:00',NULL,0,0,NULL),(50,'ZWPJ180243','ZWPJ180243','2019-01-04 00:00:00','企业','3个月','05672526','宁波正海汽车内饰件有限公司','职卫-职卫',9,'职卫-职卫',40000,40000,37735.8490566038,'郑刚超',10,'正常','贺苗妙','ZWPJ2018-060','2019-01-01 00:00:00',NULL,0,0,NULL),(51,'P18-1821','FJ-2018-0367','2019-01-04 00:00:00','企业','3个月','05672527','宁波市海曙建顺金属制品厂','辐环-放射',10,'放射卫生',1600,1600,1509.43396226415,'杨正',4,'正常','杨正','FJ18-12-10367','2019-01-04 00:00:00',NULL,0,0,NULL),(52,'JC181279','JC181279','2019-01-07 00:00:00','企业','3个月','05672528','浙江华睿海绵制品有限公司','职卫-职卫',9,'职卫-职卫',3500,3500,3301.88679245283,'陈磊',13,'正常','朱冰军','JC181279','2018-12-25 00:00:00',NULL,0,0,NULL),(53,'JC181220','JC181220','2019-01-07 00:00:00','企业','3个月','05672529','湖州永达路宝汽车销售服务有限公司','职卫-职卫',9,'职卫-职卫',3500,3500,3301.88679245283,'陈磊',13,'正常','朱冰军','JC181220','2018-12-25 00:00:00',NULL,0,0,NULL),(54,'JC181129','JC181129','2019-01-07 00:00:00','企业','3个月','05672530','德清华博颜料有限公司','职卫-职卫',9,'职卫-职卫',5000,5000,4716.98113207547,'陈磊',13,'正常','朱冰军','JC181129','2018-12-11 00:00:00',NULL,0,0,NULL),(55,'R18-0634','FJ-2019-0001','2019-01-07 00:00:00','企业','3个月','05672531','宁波市江北联诚不锈钢有限公司','辐环-放射',10,'放射卫生',2500,2500,2358.49056603774,'陈超军',11,'正常','黄新源','FJ18-12-1572','2018-12-28 00:00:00',NULL,0,0,NULL),(56,'R19-0008','FJ-2019-0011','2019-01-07 00:00:00','企业','3个月','05672532','宁波市鄞州中久电子有限公司','辐环-放射',10,'放射卫生',3000,3000,2830.18867924528,'陈超军',11,'正常','黄新源','FJ19-01-0001','2019-01-05 00:00:00',NULL,0,0,NULL),(57,'JC181251','JC181251','2019-01-07 00:00:00','企业','3个月','05672533','诸暨市永宁铸造厂','职卫-职卫',9,'职卫-职卫',6000,6000,5660.37735849057,'郑刚超',10,'正常','贺苗妙','JC181251','2018-01-01 00:00:00',NULL,0,0,NULL),(58,'JC181317','JC181317','2019-01-07 00:00:00','企业','3个月','05672534','宁波希赫机械有限公司','职卫-职卫',9,'职卫-职卫',2800,2800,2641.50943396226,'徐磊杰',5,'正常','贺苗妙','JC181317','2019-01-02 00:00:00',NULL,0,0,NULL),(59,'JC181335','JC181335','2019-01-07 00:00:00','企业','3个月','05672535','慈溪路德行汽车有限公司','职卫-职卫',9,'职卫-职卫',5000,5000,4716.98113207547,'钟于洋',14,'正常','贺苗妙','JC181335','2019-01-02 00:00:00',NULL,0,0,NULL),(60,'HJ185016','HJ185016','2019-01-07 00:00:00','企业','3个月','05672536','宁波永祥环保咨询有限公司','环境-环境',5,'环境-环境',3500,3500,3301.88679245283,'刘毅',15,'正常','王梦蝶','HJ185016','2019-01-07 00:00:00',NULL,0,0,NULL),(61,'HJ184830','HJ184830','2019-01-07 00:00:00','企业','3个月','05672537','宁波永祥环保咨询有限公司','环境-环境',5,'环境-环境',6000,6000,5660.37735849057,'刘毅',15,'正常','王梦蝶','HJ184830','2018-12-24 00:00:00',NULL,0,0,NULL),(62,'R18-0214','FJ-2019-0012','2019-01-07 00:00:00','企业','3个月','05672538','江苏辐环环境科技有限公司','辐环-放射',10,'放射卫生',10000,10000,9433.96226415094,'井瑜',7,'正常','王梦蝶','FJ18-02-0077','2018-02-09 00:00:00',NULL,0,0,NULL),(63,'JC181336','JC181336','2019-01-07 00:00:00','企业','3个月','05672539','宁波法欧帝森木业有限公司','职卫-职卫',9,'职卫-职卫',3500,3500,3301.88679245283,'徐磊杰',5,'正常','贺苗妙','JC181336','2018-12-17 00:00:00',NULL,0,0,NULL),(64,'HJ185125','HJ185125','2019-01-08 00:00:00','企业','3个月','05672540','宁波电子器材一厂','环境-环境',5,'环境-环境',1500,1500,1415.09433962264,'徐磊杰',5,'正常','贺苗妙','HJ185125','2018-12-25 00:00:00',NULL,0,0,NULL),(65,'JC181105','JC181105','2019-01-08 00:00:00','企业','3个月','05672541','慈溪市三行喷涂厂（普通合伙）','职卫-职卫',9,'职卫-职卫',4000,4000,3773.58490566038,'钟于洋',14,'正常','贺苗妙','JC181105','2018-12-19 00:00:00',NULL,0,0,NULL),(66,'R17-0459','FJ-2017-0336','2019-01-08 00:00:00','企业','3个月','05672542','宁波天翼石化重型设备有限公司','辐环-放射',10,'放射卫生',2000,2000,1886.79245283019,'陈钊增',16,'正常','贺苗妙','FJ18-12-1518','2018-12-01 00:00:00',NULL,0,0,NULL),(67,'R19-0010','FJ-2018-0443','2019-01-08 00:00:00','企业','3个月','05672543','奉化凯力德机械制造有限公司','辐环-放射',10,'放射卫生',2000,2000,1886.79245283019,'陈超军',11,'正常','杨辉','FJ18-12-1557','2018-12-27 00:00:00',NULL,0,0,NULL),(68,'R19-0012','FJ-2018-0435','2019-01-08 00:00:00','企业','3个月','05672544','宁波鄞州艺星时代美容医院有限公司','辐环-放射',10,'放射卫生',900,900,849.056603773585,'陈超军',11,'正常','杨辉','FJ18-10-1049','2018-10-01 00:00:00',NULL,0,0,NULL),(69,'R19-0005','FJ-2019-0008','2019-01-08 00:00:00','企业','3个月','05672545','宁波大学','辐环-放射',10,'放射卫生',1800,1800,1698.11320754717,'陈超军',11,'正常','杨辉','FJ19-01-0005','2019-01-07 00:00:00',NULL,0,0,NULL),(70,'R19-0003 ','FJ-2019-0006','2019-01-08 00:00:00','企业','3个月','05672546','象山石浦港湾医院','辐环-放射',10,'放射卫生',3000,3000,2830.18867924528,'陈超军',11,'正常','杨辉','FJ19-01-0008/0009','2019-01-07 00:00:00',NULL,0,0,NULL),(71,'A18-0244','A18-0244','2019-01-08 00:00:00','企业','3个月','05672547','浙商银行股份有限公司宁波分行','辐环-室内空气',8,'室内空气',13000,13000,12264.1509433962,'熊小红',12,'正常','熊小红','JZ18-12-0244','2018-12-20 00:00:00',NULL,0,0,NULL),(72,'A18-0225','A18-0225','2019-01-08 00:00:00','企业','3个月','05672548','国网浙江省电力有限公司宁波供电公司','辐环-室内空气',8,'室内空气',4500,4500,4245.28301886792,'熊小红',12,'正常','丁叶枫','JZ18-12-0433','2018-12-10 00:00:00',NULL,0,0,NULL),(73,'P18-1736 ','GW-2018-1736','2019-01-08 00:00:00','企业','3个月','05672549','国网浙江省电力有限公司宁波供电公司','辐环-公共卫生',7,'公共卫生',1500,1500,1415.09433962264,'熊小红',12,'正常','丁叶枫','GW18-12-1736','2018-12-13 00:00:00',NULL,0,0,NULL),(74,'JC181340','JC181340','2019-01-09 00:00:00','企业','3个月','05672550','慈溪市百福塑料制品有限公司','职卫-职卫',9,'职卫-职卫',5500,5500,5188.67924528302,'钟于洋',14,'正常','贺苗妙','JC181340','2019-01-02 00:00:00',NULL,0,0,NULL),(75,'JC181352','JC181352','2019-01-10 00:00:00','企业','3个月','05672551','宁波瑞格文具有限公司','职卫-职卫',9,'职卫-职卫',6500,6500,6132.07547169811,'钟于洋',14,'正常','贺苗妙','JC181352','2018-01-07 00:00:00',NULL,0,0,NULL),(76,'JC181269','JC181269','2019-01-10 00:00:00','企业','3个月','05672552','湖州露森精细化工有限公司','职卫-职卫',9,'职卫-职卫',4500,4500,4245.28301886792,'陈磊',13,'正常',NULL,'JC181269','2018-01-04 00:00:00',NULL,0,0,NULL),(77,'JC181293','JC181293','2019-01-10 00:00:00','企业','3个月','05672553','浙江金洲管道科技股份有限公司','职卫-职卫',9,'职卫-职卫',30000,30000,28301.8867924528,'陈磊',13,'正常',NULL,'JC181293','2018-01-07 00:00:00',NULL,0,0,NULL),(78,'JC181325','JC181325','2019-01-10 00:00:00','企业','3个月','05672554','怡达快速电梯有限公司','职卫-职卫',9,'职卫-职卫',6000,6000,5660.37735849057,'陈磊',13,'正常',NULL,'JC181325','2018-01-09 00:00:00',NULL,0,0,NULL),(79,'HJ185196','HJ185196','2019-01-10 00:00:00','企业','3个月','05672555','宁波丰尔泰建材科技有限公司','环境-环境',5,'环境-环境',4000,4000,3773.58490566038,'钟于洋',14,'正常','贺苗妙','HJ185196','2019-01-01 00:00:00',NULL,0,0,NULL),(80,' R18-0116','FWKP2018-022','2019-01-10 00:00:00','企业','3个月','05672556','温州医科大学附属第二医院','辐环-放射',10,'放射卫生控评',63000,63000,59433.9622641509,'王青',8,'正常','黄新源 ','FWKP2018-043','2018-12-01 00:00:00',NULL,0,0,NULL),(81,'HJ184471','HJ184471','2019-01-10 00:00:00','企业','3个月','05672557','宁波劳伦斯汽车内饰件有限公司','环境-环境',5,'环境-环境',25000,25000,23584.9056603774,'钟于洋',14,'正常','贺苗妙','HJ184471','2019-01-01 00:00:00',NULL,0,0,NULL),(82,'WT180235','WT180235','2019-01-10 00:00:00','企业','3个月','05672558','奥乐农用机械（宁波）有限公司','职卫-职卫',9,'职卫-职卫',3000,3000,2830.18867924528,'孙健超',17,'正常','贺苗妙','WT180235','2019-01-01 00:00:00',NULL,0,0,NULL),(83,'ZS181378','ZS181378','2019-01-10 00:00:00','企业','3个月','05672559','内蒙古泰达职业健康技术服务有限公司','职卫-职卫',9,'职卫-职卫',1950,1950,1839.62264150943,'井瑜',7,'正常','贺苗妙','ZS181378','2019-01-07 00:00:00',NULL,0,0,NULL),(84,'HJ183967','HJ183967','2019-01-10 00:00:00','企业','3个月','05672560','宁波市奉化区环境能源利用有限公司','环境-环境',5,'环境-环境',27000,27000,25471.6981132075,'孙健超',17,'正常','贺苗妙','HJ183967','2019-01-07 00:00:00',NULL,0,0,NULL),(85,'JC181209','JC181209','2019-01-10 00:00:00','企业','3个月','05672561','中海油销售浙江有限公司德清县武康加油站','职卫-职卫',9,'职卫-职卫',4000,4000,3773.58490566038,'孙健超',17,'正常','贺苗妙','JC181209','2019-01-01 00:00:00',NULL,0,0,NULL),(86,'JC181211','JC181211','2019-01-10 00:00:00','企业','3个月','05672562','中海油销售浙江有限公司衢州柯城加油站','职卫-职卫',9,'职卫-职卫',6000,6000,5660.37735849057,'孙健超',17,'正常','贺苗妙','JC181211','2019-01-01 00:00:00',NULL,0,0,NULL),(87,'JC181210','JC181210','2019-01-10 00:00:00','企业','3个月','05672563','中海油销售浙江有限公司余杭区瓶窑加油站','职卫-职卫',9,'职卫-职卫',4000,4000,3773.58490566038,'孙健超',17,'正常','贺苗妙','JC181210','2018-01-01 00:00:00',NULL,0,0,NULL),(88,'JC181212','JC181212','2019-01-10 00:00:00','企业','3个月','05672564','中海油销售浙江有限公司鄞州五乡加油站','职卫-职卫',9,'职卫-职卫',4000,4000,3773.58490566038,'孙健超',17,'正常','贺苗妙','JC181212','2019-01-01 00:00:00',NULL,0,0,NULL),(89,'JC181213','JC181213','2019-01-10 00:00:00','企业','3个月','05672565','中海油销售浙江有限公司新昌青山加油站','职卫-职卫',9,'职卫-职卫',6000,6000,5660.37735849057,'孙健超',17,'正常','贺苗妙','JC181213','2019-01-01 00:00:00',NULL,0,0,NULL),(90,'JC181214','JC181214','2019-01-10 00:00:00','企业','3个月','05672566','中海油销售浙江有限公司慈溪匡堰加油站','职卫-职卫',9,'职卫-职卫',4000,4000,3773.58490566038,'孙健超',17,'正常','贺苗妙','JC181214','2019-01-01 00:00:00',NULL,0,0,NULL),(91,'JC181215','JC181215','2019-01-10 00:00:00','企业','3个月','05672567','中海油销售浙江有限公司镇海通仁加油站','职卫-职卫',9,'职卫-职卫',4000,4000,3773.58490566038,'孙健超',17,'正常','贺苗妙','JC181215','2019-01-01 00:00:00',NULL,0,0,NULL),(92,'HJ184974','HJ184974','2019-01-11 00:00:00','企业','3个月','05672568','宁波大安化学工业有限公司','环境-环境',5,'环境-环境',3000,3000,2830.18867924528,'徐磊杰',5,'正常','徐磊杰','HJ184974','2018-12-25 00:00:00',NULL,0,0,NULL),(93,'HJ185005','HJ185005','2019-01-11 00:00:00','企业','3个月','05672570','宁波市北仑金龙加油站','环境-环境',5,'环境-环境',3500,3500,3301.88679245283,'徐磊杰',5,'正常','徐磊杰','没有，蔺经理签字',NULL,NULL,0,0,NULL),(94,'HJ185006','HJ185006','2019-01-11 00:00:00','企业','3个月','05672571','宁波经济技术开发区祥龙加油有限公司','环境-环境',5,'环境-环境',3500,3500,3301.88679245283,'徐磊杰',5,'正常','徐磊杰','没有，蔺经理签字',NULL,NULL,0,0,NULL),(95,'R18-0633','FJ-2018-0442','2019-01-11 00:00:00','企业','3个月','05672572','宁波拓普集团股份有限公司','辐环-放射',10,'放射卫生',2000,2000,1886.79245283019,'徐磊杰',5,'正常','徐磊杰','JC181370','2018-01-10 00:00:00',NULL,0,0,NULL),(96,'JC181370','JC181370','2019-01-11 00:00:00','企业','3个月','05672572','宁波拓普集团股份有限公司','职卫-职卫',9,'职卫-职卫',4500,4500,4245.28301886792,'徐磊杰',5,'正常','徐磊杰','JC181370','2018-01-08 00:00:00',NULL,0,0,NULL),(97,'JC181273','JC181273','2019-01-11 00:00:00','企业','3个月','05672573','湖州市菱湖三狮水泥有限公司','职卫-职卫',9,'职卫-职卫',4500,4500,4245.28301886792,'陈磊',13,'正常','贺苗妙','JC181273','2018-12-25 00:00:00',NULL,0,0,NULL),(98,'JC181355','JC181355','2019-01-11 00:00:00','企业','3个月','05672574','宁波九龙机械制造有限公司','职卫-职卫',9,'职卫-职卫',4400,4400,4150.94339622641,'郑刚超',10,'正常','贺苗妙','JC181355','2019-01-09 00:00:00',NULL,0,0,NULL),(99,'R18-0625','FJ-2019-0004','2019-01-11 00:00:00','企业','3个月','05672575','绍兴市上虞和邦金属制品有限公司','辐环-放射',10,'放射卫生',4500,4500,4245.28301886792,'王青',8,'正常','张文','FJ19-01-0011','2019-01-01 00:00:00',NULL,0,0,NULL),(100,'R18-0623','FJ-2018-0358','2019-01-11 00:00:00','企业','3个月','05672576','浙江天圣化纤有限公司 ','辐环-放射',10,'放射卫生',8000,4000,3773.58490566038,'王青',8,'正常','张文','FJ19-01-0012','2019-01-01 00:00:00',NULL,0,0,NULL),(101,'JC180406','JC180406','2019-01-11 00:00:00','企业','3个月','05672577','台朔重工（宁波）有限公司','职卫-职卫',9,'职卫-职卫',10000,10000,9433.96226415094,'徐磊杰',5,'正常',NULL,'JC180406','2018-12-14 00:00:00',NULL,0,0,NULL),(102,'HJ184597','HJ184597','2019-01-11 00:00:00','企业','3个月','05672578','宁波住重机械有限公司 ','环境-环境',5,'环境-环境',-1200,0,-1132.07547169811,'井瑜',7,'正常','贺苗妙','HJ184597','2018-12-28 00:00:00',NULL,0,0,NULL),(103,'HJ184597','HJ184597','2019-01-11 00:00:00','企业','3个月','05672579','宁波住重机械有限公司 ','环境-环境',5,'环境-环境',1200,1200,1132.07547169811,'井瑜',7,'正常','贺苗妙','HJ184597','2018-12-28 00:00:00',NULL,0,0,NULL),(104,'JC181274','JC181274','2019-01-11 00:00:00','企业','3个月','05672580','安吉东城卡丁车制造有限公司','职卫-职卫',9,'职卫-职卫',8000,8000,7547.16981132075,'陈磊',13,'正常','贺苗妙','JC181274','2018-01-04 00:00:00',NULL,0,0,NULL),(105,'JC181350','JC181350','2019-01-11 00:00:00','企业','3个月','05672581','浙江克鲁森纺织科技有限公司','职卫-职卫',9,'职卫-职卫',4800,4800,4528.30188679245,'陈磊',13,'正常','贺苗妙','JC181350','2019-01-11 00:00:00',NULL,0,0,NULL),(106,'JC181354','JC181354','2019-01-11 00:00:00','企业','3个月','05672582','湖州之田汽车销售服务有限公司','职卫-职卫',9,'职卫-职卫',4000,4000,3773.58490566038,'陈磊',13,'正常','贺苗妙','JC181354','2019-01-11 00:00:00',NULL,0,0,NULL),(107,'JC181313','JC181313','2019-01-11 00:00:00','企业','3个月','05672583','浙江创为智能装备股份有限公司','职卫-职卫',9,'职卫-职卫',2500,2500,2358.49056603774,'陈磊',13,'正常','贺苗妙','JC181313','2018-12-15 00:00:00',NULL,0,0,NULL),(108,'WT180206','WT180206','2019-01-11 00:00:00','企业','3个月','05672584','安吉炜宜五金塑料制品有限公司','职卫-职卫',9,'职卫-职卫',800,800,754.716981132075,'陈磊',13,'正常','贺苗妙','WT180206','2018-11-24 00:00:00',NULL,0,0,NULL),(109,'JC181367','JC181367','2019-01-11 00:00:00','企业','3个月','05672585','宁波新展针织有限公司','职卫-职卫',9,'职卫-职卫',4000,4000,3773.58490566038,'郑刚超',10,'正常','贺苗妙','JC181367','2019-01-08 00:00:00',NULL,0,0,NULL),(110,'HY180247','HY180247','2019-01-11 00:00:00','企业','3个月','05672586','宁波金鑫商品混凝土有限公司','环境-环境',5,'环境-环境',15500,15500,14622.641509434,'杨正',4,'正常','杨正','HY180247','2019-01-03 00:00:00',NULL,0,0,NULL),(111,'HY180246','HY180246','2019-01-11 00:00:00','企业','3个月','05672587','宁波新星商品混凝土有限公司','环境-环境',5,'环境-环境',19500,19500,18396.2264150943,'杨正',4,'正常','杨正','HY180246','2019-01-03 00:00:00',NULL,0,0,NULL),(112,'HJ185186','HJ185186','2019-01-11 00:00:00','企业','3个月','05672588','慈溪康迪车业有限公司','环境-环境',5,'环境-环境',7000,7000,6603.77358490566,'张莉',6,'正常','王梦蝶','HJ185186','2018-12-27 00:00:00',NULL,0,0,NULL),(113,'HJ184915','HJ184915','2019-01-11 00:00:00','企业','3个月','05672589','宁波永享铜管道有限公司','环境-环境',5,'环境-环境',4500,4500,4245.28301886792,'张莉',6,'正常','王梦蝶','HJ184915','2019-01-09 00:00:00',NULL,0,0,NULL),(114,'HS184913','HS184913','2019-01-11 00:00:00','企业','3个月','05672590','浙江鼎清环境检测技术有限公司','环境-环境',5,'环境-环境',3600,3600,3396.22641509434,'张莉',6,'正常','王梦蝶','HS184913','2018-12-23 00:00:00',NULL,0,0,NULL),(115,'HS184912','HS184912','2019-01-11 00:00:00','企业','3个月','05672591','浙江鼎清环境检测技术有限公司','环境-环境',5,'环境-环境',28000,28000,26415.0943396226,'张莉',6,'正常','王梦蝶','HS184912','2018-12-24 00:00:00',NULL,0,0,NULL),(116,'HS185160','HS185160','2019-01-11 00:00:00','企业','3个月','05672592','浙江高新镀业有限公司','环境-环境',5,'环境-环境',1500,1500,1415.09433962264,'张莉',6,'正常','王梦蝶','HS185160','2018-12-29 00:00:00',NULL,0,0,NULL),(117,'HS185046','HS185046','2019-01-11 00:00:00','企业','3个月','05672593','安徽创源文化发展有限公司','环境-环境',5,'环境-环境',200,200,188.679245283019,'张莉',6,'正常','王梦蝶','HS185046','2018-12-18 00:00:00',NULL,0,0,NULL),(118,'HS184076','HS184076','2019-01-11 00:00:00','企业','3个月','05672594','宁波友康照明电器有限公司','环境-环境',5,'环境-环境',300,300,283.018867924528,'张莉',6,'正常','王梦蝶','HS184076','2018-12-26 00:00:00',NULL,0,0,NULL),(119,'HS185096','HS185096','2019-01-11 00:00:00','企业','3个月','05672595','宁波环耀环境工程技术有限公司','环境-环境',5,'环境-环境',560,560,528.301886792453,'张莉',6,'正常','王梦蝶','HS185096','2018-12-24 00:00:00',NULL,0,0,NULL),(120,'HJ183181','HJ183181','2019-01-11 00:00:00','企业','3个月','05672602','济邦环保科技（宁波）有限公司','环境-环境',5,'环境-环境',1000,1000,943.396226415094,'刘毅',15,'正常','王梦蝶','HJ183181','2018-10-01 00:00:00',NULL,0,0,NULL),(121,'HJ183182','HJ183182','2019-01-11 00:00:00','企业','3个月','05672603','济邦环保科技（宁波）有限公司','环境-环境',5,'环境-环境',6000,6000,5660.37735849057,'刘毅',15,'正常','王梦蝶','HJ183182','2018-09-28 00:00:00',NULL,0,0,NULL),(122,'HJ183994','HJ183994','2019-01-11 00:00:00','企业','3个月','05672604','济邦环保科技（宁波）有限公司','环境-环境',5,'环境-环境',3800,3800,3584.90566037736,'刘毅',15,'正常','王梦蝶','HJ183994','2018-12-15 00:00:00',NULL,0,0,NULL),(123,'HJ183891','HJ183891','2019-01-11 00:00:00','企业','3个月','05672605','济邦环保科技（宁波）有限公司','环境-环境',5,'环境-环境',1500,1500,1415.09433962264,'刘毅',15,'正常','王梦蝶','HJ183891','2018-11-08 00:00:00',NULL,0,0,NULL),(124,'HJ183892','HJ183892','2019-01-11 00:00:00','企业','3个月','05672606','济邦环保科技（宁波）有限公司','环境-环境',5,'环境-环境',1000,1000,943.396226415094,'刘毅',15,'正常','王梦蝶','HJ183892','2018-12-04 00:00:00',NULL,0,0,NULL),(125,'HJ184321','HJ184321','2019-01-11 00:00:00','企业','3个月','05672607','济邦环保科技（宁波）有限公司','环境-环境',5,'环境-环境',1000,1000,943.396226415094,'刘毅',15,'正常','王梦蝶','HJ184321','2018-12-15 00:00:00',NULL,0,0,NULL),(126,'HJ184322','HJ184322','2019-01-11 00:00:00','企业','3个月','05672608','济邦环保科技（宁波）有限公司','环境-环境',5,'环境-环境',1000,1000,943.396226415094,'刘毅',15,'正常','王梦蝶','HJ184322','2018-12-14 00:00:00',NULL,0,0,NULL),(127,'HJ184323','HJ184323','2019-01-11 00:00:00','企业','3个月','05672609','济邦环保科技（宁波）有限公司','环境-环境',5,'环境-环境',1000,1000,943.396226415094,'刘毅',15,'正常','王梦蝶','HJ184323','2018-12-14 00:00:00',NULL,0,0,NULL),(128,'HJ184324','HJ184324','2019-01-11 00:00:00','企业','3个月','05672610','济邦环保科技（宁波）有限公司','环境-环境',5,'环境-环境',1000,1000,943.396226415094,'刘毅',15,'正常','王梦蝶','HJ184324','2018-12-13 00:00:00',NULL,0,0,NULL),(129,'HJ184325','HJ184325','2019-01-11 00:00:00','企业','3个月','05672611','济邦环保科技（宁波）有限公司','环境-环境',5,'环境-环境',2500,2500,2358.49056603774,'刘毅',15,'正常','王梦蝶','HJ184325','2018-12-18 00:00:00',NULL,0,0,NULL),(130,'HJ184326','HJ184326','2019-01-11 00:00:00','企业','3个月','05672612','济邦环保科技（宁波）有限公司','环境-环境',5,'环境-环境',2500,2500,2358.49056603774,'刘毅',15,'正常','王梦蝶','HJ184326','2018-12-17 00:00:00',NULL,0,0,NULL),(131,'HJ184647','HJ184647','2019-01-11 00:00:00','企业','3个月','05672613','济邦环保科技（宁波）有限公司','环境-环境',5,'环境-环境',2000,2000,1886.79245283019,'刘毅',15,'正常','王梦蝶','HJ184647','2019-01-05 00:00:00',NULL,0,0,NULL),(132,'HJ184638','HJ184638','2019-01-11 00:00:00','企业','3个月','05672614','济邦环保科技（宁波）有限公司','环境-环境',5,'环境-环境',12000,12000,11320.7547169811,'刘毅',15,'正常','王梦蝶','HJ184638','2019-01-08 00:00:00',NULL,0,0,NULL),(133,'HJ184319','HJ184319','2019-01-11 00:00:00','企业','3个月','05672615','济邦环保科技（宁波）有限公司','环境-环境',5,'环境-环境',20000,20000,18867.9245283019,'刘毅',15,'正常','王梦蝶','HJ184319','2018-12-28 00:00:00',NULL,0,0,NULL),(134,'ZWPJ180301','ZWPJ180301','2019-01-11 00:00:00','企业','3个月','05672616','韩华化学（宁波）有限公司','职卫-职卫',9,'职卫-职卫控评',71000,71000,66981.1320754717,'郑尚涛',18,'正常','沈辰辰','ZWPJ180301','2019-01-17 00:00:00',NULL,0,0,NULL),(135,'ZWPJ180300','ZWPJ180300','2019-01-11 00:00:00','企业','3个月','05672617','韩华化学（宁波）有限公司','职卫-职卫',9,'职卫-职卫控评',59000,59000,55660.3773584906,'郑尚涛',18,'正常','沈辰辰','ZWPJ180300','2019-01-07 00:00:00',NULL,0,0,NULL),(136,'P18-1796','GW-2018-1796','2019-01-11 00:00:00','企业','3个月','05672618','浙江建安检测研究院有限公司','辐环-公共卫生',7,'公共卫生',50000,50000,47169.8113207547,'钟于洋',14,'正常','贺苗妙','GW-2018-1796','2019-01-01 00:00:00',NULL,0,0,NULL),(137,'P18-1769','GW-2018-1769','2019-01-11 00:00:00','企业','3个月','05672619','宁海县心泉房地产开发有限公司','辐环-公共卫生',7,'公共卫生',1800,1800,1698.11320754717,'范娇君',19,'正常',NULL,'GW18-12-1769','2018-12-13 00:00:00',NULL,0,0,NULL),(138,'HY180202','HY180202','2019-01-11 00:00:00','企业','3个月','05672620','宁波亚德客自动化工业有限公司','环境-环境',5,'环境-环境',68000,68000,64150.9433962264,'章佳文',20,'正常','贺苗妙','HY180202','2018-11-12 00:00:00',NULL,0,0,NULL),(139,'HJ184177','HJ184177','2019-01-11 00:00:00','企业','3个月','05672621','温州市庄饭碗餐饮管理有限公司','环境-环境',5,'环境-环境',2400,2400,2264.15094339623,'吴美杰',21,'正常','贺苗妙','HJ184177','2018-11-29 00:00:00',NULL,0,0,NULL),(140,'WT180215','WT180215','2019-01-11 00:00:00','企业','3个月','05672622','约翰迪尔（宁波）农业机械有限公司','职卫-职卫',9,'职卫-职卫',2500,2500,2358.49056603774,'郑尚涛',18,'正常','贺苗妙','WT180215','2018-12-21 00:00:00',NULL,0,0,NULL),(141,'JC181271','JC181271','2019-01-11 00:00:00','企业','3个月','05672623','约翰迪尔（宁波）农业机械有限公司','职卫-职卫',9,'职卫-职卫',17500,17500,16509.4339622641,'郑尚涛',18,'正常','贺苗妙','JC181271','2018-12-21 00:00:00',NULL,0,0,NULL),(142,'HJ185130','HJ185130','2019-01-11 00:00:00','企业','3个月','05672625','海天塑机集团有限公司','环境-环境',5,'环境-环境',1000,1000,943.396226415094,'刘毅',15,'正常','王梦蝶','HJ185130','2019-01-05 00:00:00',NULL,0,0,NULL),(143,'JC181344','JC181344','2019-01-11 00:00:00','企业','3个月','05672626','乐清市卓达金属制品有限公司','职卫-职卫',9,'职卫-职卫',2000,2000,1886.79245283019,'陈德藏',22,'正常','贺苗妙','JC181344','2018-12-29 00:00:00',NULL,0,0,NULL),(144,'HJ185078','HJ185078','2019-01-11 00:00:00','企业','3个月','05672626','乐清市卓达金属制品有限公司','环境-环境',5,'环境-环境',1800,1800,1698.11320754717,'陈德藏',22,'正常','贺苗妙','HJ185078','2019-01-03 00:00:00',NULL,0,0,NULL),(145,'HJ184816','HJ184816','2019-01-11 00:00:00','企业','3个月','05672627','宁波唯尔池塑料有限公司','环境-环境',5,'环境-环境',3000,3000,2830.18867924528,'杨正',4,'正常','杨正','HJ184816','2018-12-30 00:00:00',NULL,0,0,NULL),(146,'HJ185013','HJ185013','2019-01-11 00:00:00','企业','3个月','05672628','宁波市阳光汽车配件有限公司','环境-环境',5,'环境-环境',2800,2800,2641.50943396226,'杨正',4,'正常','杨正','HJ185013','2018-01-11 00:00:00',NULL,0,0,NULL),(147,'JC181328','JC181328','2019-01-11 00:00:00','企业','3个月','05672629','宁波恒富汽车部件发展有限公司','职卫-职卫',9,'职卫-职卫',5000,5000,4716.98113207547,'杨正',4,'正常','杨正','JC181328','2018-01-11 00:00:00',NULL,0,0,NULL),(148,'HJ185011','HJ185011','2019-01-11 00:00:00','企业','3个月','05672630','宁波恒富汽车部件发展有限公司','环境-环境',5,'环境-环境',6500,6500,6132.07547169811,'杨正',4,'正常','杨正','HJ185011','2018-01-11 00:00:00',NULL,0,0,NULL),(149,'JC181364','JC181364','2019-01-11 00:00:00','企业','3个月','05672631','宁波市鄞州睿驰复合材料有限公司','职卫-职卫',9,'职卫-职卫',7000,7000,6603.77358490566,'孙健超',17,'正常','贺苗妙','JC181364','2018-01-01 00:00:00',NULL,0,0,NULL),(150,'JC181333','JC181333','2019-01-11 00:00:00','企业','3个月','05672632','宁波家联科技股份有限公司','职卫-职卫',9,'职卫-职卫',3000,3000,2830.18867924528,'井瑜',7,'正常','贺苗妙','JC181333','2018-01-01 00:00:00',NULL,0,0,NULL),(151,'HJ184897','HJ184897','2019-01-11 00:00:00','企业','3个月','05672633','中国水利水电第十一工程局有限公司','环境-环境',5,'环境-环境',4000,4000,3773.58490566038,'郑尚涛',18,'正常','沈辰辰','HJ184897','2019-01-07 00:00:00',NULL,0,0,NULL),(152,'JC181311','JC181311','2019-01-11 00:00:00','企业','3个月','05672633','中国水利水电第十一工程局有限公司','职卫-职卫',9,'职卫-职卫',8000,8000,7547.16981132075,'郑尚涛',18,'正常','沈辰辰','JC181311','2019-01-10 00:00:00',NULL,0,0,NULL),(153,'HJ185092','HJ185092','2019-01-11 00:00:00','企业','3个月','05672634','万邦德制药集团股份有限公司','环境-环境',5,'环境-环境',2000,2000,1886.79245283019,'李倩',23,'正常','沈辰辰','HJ185092','2018-12-28 00:00:00',NULL,0,0,NULL),(154,'HJ185171','HJ185171','2019-01-11 00:00:00','企业','3个月','05672635','宁波佰特工具有限公司','环境-环境',5,'环境-环境',6000,6000,5660.37735849057,'王小明',24,'正常','沈辰辰','HJ185171','2019-01-04 00:00:00',NULL,0,0,NULL),(155,'HJ190115','HJ190115','2019-01-11 00:00:00','企业','3个月','05672636','象山华宇食品有限公司','环境-环境',5,'环境-环境',1000,1000,943.396226415094,'王小明',24,'正常','沈辰辰','HJ190115','2019-01-11 00:00:00',NULL,0,0,NULL),(156,'HS184822','HS184822','2019-01-11 00:00:00','企业','3个月','05672638','浙江鼎清环境检测技术有限公司','环境-环境',5,'环境-环境',13500,13500,12735.8490566038,'张莉',6,'正常','王梦蝶','HS184822','2018-12-20 00:00:00',NULL,0,0,NULL),(157,'JC181369','JC181369','2019-01-14 00:00:00','企业','3个月','05672639','宁波市镇海俊天金属材料制造有限公司','职卫-职卫',9,'职卫-职卫',3000,3000,2830.18867924528,'郑刚超',10,'正常','贺苗妙','JC181369','2019-01-01 00:00:00',NULL,0,0,NULL),(158,'JC181310','JC181310','2019-01-14 00:00:00','企业','3个月','05672640','绍兴柯桥供水有限公司','职卫-职卫',9,'职卫-职卫',5000,5000,4716.98113207547,'郑刚超',10,'正常','贺苗妙','JC181310','2019-01-01 00:00:00',NULL,0,0,NULL),(159,'JC181326','JC181326','2019-01-14 00:00:00','企业','3个月','05672641','宁波禾顺新材料有限公司','职卫-职卫',9,'职卫-职卫',16000,16000,15094.3396226415,'孙健超',17,'正常','贺苗妙','JC181326','2019-01-14 00:00:00',NULL,0,0,NULL),(160,'JC181278','JC181278','2019-01-14 00:00:00','企业','3个月','05672641','宁波禾顺新材料有限公司','职卫-职卫',9,'职卫-职卫',4800,4800,4528.30188679245,'孙健超',17,'正常','贺苗妙','JC181278','2019-01-14 00:00:00',NULL,0,0,NULL),(161,'HJ185009','HJ185009','2019-01-14 00:00:00','企业','3个月','05672641','宁波禾顺新材料有限公司','环境-环境',5,'环境-环境',1500,1500,1415.09433962264,'孙健超',17,'正常','贺苗妙','HJ185009','2019-01-14 00:00:00',NULL,0,0,NULL),(162,'HJ185008','HJ185008','2019-01-14 00:00:00','企业','3个月','05672641','宁波禾顺新材料有限公司','环境-环境',5,'环境-环境',8500,8500,8018.8679245283,'孙健超',17,'正常','贺苗妙','HJ185008','2019-01-14 00:00:00',NULL,0,0,NULL),(163,'HJ184878','HJ184878','2019-01-14 00:00:00','企业','3个月','05672643','宁波赫革丽高分子科技有限公司','环境-环境',5,'环境-环境',3800,3800,3584.90566037736,'徐磊杰',5,'正常','贺苗妙','HJ184878','2018-12-27 00:00:00',NULL,0,0,NULL),(164,'JC181205','JC181205','2019-01-14 00:00:00','企业','3个月','05672644','宁波东旭太阳能电力有限公司','职卫-职卫',9,'职卫-职卫',4000,4000,3773.58490566038,'徐磊杰',5,'正常','贺苗妙','JC181205','2018-12-18 00:00:00',NULL,0,0,NULL),(165,'JC181362','JC181362','2019-01-14 00:00:00','企业','3个月','05672645','余姚市嘉诚电器有限公司','职卫-职卫',9,'职卫-职卫',4000,4000,3773.58490566038,'徐磊杰',5,'正常','贺苗妙','JC181362','2019-01-07 00:00:00',NULL,0,0,NULL),(166,'JC181371','JC181371','2019-01-14 00:00:00','企业','3个月','05672646','宁波顺兴机械制造有限公司','职卫-职卫',9,'职卫-职卫',3500,3500,3301.88679245283,'徐磊杰',5,'正常','贺苗妙','JC181371','2018-01-08 00:00:00',NULL,0,0,NULL),(167,'HJ185294','HJ185294','2019-01-14 00:00:00','企业','3个月','05672647','宁波爱佳电器有限公司','环境-环境',5,'环境-环境',2500,2500,2358.49056603774,'钟于洋',14,'正常','贺苗妙','HJ185294','2019-01-01 00:00:00',NULL,0,0,NULL),(168,'HJ185295','HJ185295','2019-01-14 00:00:00','企业','3个月','05672648','慈溪市广联汽车配件有限公司','环境-环境',5,'环境-环境',1000,1000,943.396226415094,'钟于洋',14,'正常','贺苗妙','HJ185295','2019-01-01 00:00:00',NULL,0,0,NULL),(169,'ZWPJ180288','ZWPJ180288','2019-01-14 00:00:00','企业','3个月','05672649','万华化学（宁波）容威聚氨酯有限公司','职卫-职卫',9,'职卫-职卫预评',20000,20000,18867.9245283019,'郑尚涛',18,'正常','沈辰辰','ZWPJ180288','2019-01-14 00:00:00',NULL,0,0,NULL),(170,'HJ184786','HJ184786','2019-01-14 00:00:00','企业','3个月','05672650','浙江宇狮包装材料有限公司','环境-环境',5,'环境-环境',1780,1780,1679.24528301887,'陈德藏',22,'正常','沈辰辰','HJ184786','2018-12-25 00:00:00',NULL,0,0,NULL),(171,'HS185319','HS185319','2019-01-14 00:00:00','企业','3个月','05672651','宁波卓新通讯接插件有限公司','环境-环境',5,'环境-环境',350,350,330.188679245283,'张莉',6,'正常','沈辰辰','HS185319','2019-01-03 00:00:00',NULL,0,0,NULL),(172,'HJ185044','HJ185044','2019-01-14 00:00:00','企业','3个月','05672652','宁波长鸿高分子科技股份有限公司','环境-环境',5,'环境-环境',5500,5500,5188.67924528302,'张莉',6,'正常','沈辰辰','HJ185044','2018-12-24 00:00:00',NULL,0,0,NULL),(173,'WT190005','WT190005','2019-01-14 00:00:00','企业','3个月','05672653','浙江奇胜运动装备有限公司','职卫-职卫',9,'职卫-职卫',3000,3000,2830.18867924528,'张莉',6,'正常','沈辰辰','WT190005','2019-01-10 00:00:00',NULL,0,0,NULL),(174,'HJ185018','HJ185018','2019-01-14 00:00:00','企业','3个月','05672654','宁波市北仑华盛模具厂','环境-环境',5,'环境-环境',2000,2000,1886.79245283019,'徐磊杰',5,'正常','徐磊杰','HJ185018','2018-12-29 00:00:00',NULL,0,0,NULL),(175,'JC181297','JC181297','2019-01-14 00:00:00','企业','3个月','05672654','宁波市北仑华盛模具厂','职卫-职卫',9,'职卫-职卫',3500,3500,3301.88679245283,'徐磊杰',5,'正常','徐磊杰','JC181297','2018-12-18 00:00:00',NULL,0,0,NULL),(176,'R18-0581','FJ-2018-0406','2019-01-14 00:00:00','企业','3个月','05672654','宁波市北仑华盛模具厂','辐环-放射',10,'放射卫生',1500,1500,1415.09433962264,'徐磊杰',5,'正常','徐磊杰','FJ18-12-1464','2018-12-12 00:00:00',NULL,0,0,NULL),(177,'R17-0427','FJ-2017-0335','2019-01-14 00:00:00','企业','3个月','05672655','庆达西（宁波）钢构制造有限公司','辐环-放射',10,'放射卫生',30000,6000,5660.37735849057,'郑尚涛',18,'正常','沈辰辰','FJ-2017-0427','2018-12-14 00:00:00',NULL,0,0,NULL),(178,'HJ184761','HJ184761','2019-01-14 00:00:00','企业','3个月','05672656','宁波鸿越金属制品有限公司','环境-环境',5,'环境-环境',10000,10000,9433.96226415094,'杨正',4,'正常','沈辰辰','HJ184761','2018-12-29 00:00:00',NULL,0,0,NULL),(179,'WT190001','WT190001','2019-01-14 00:00:00','企业','3个月','05672657','新昌县开源汽车轴承有限公司','职卫-职卫',9,'职卫-职卫',3000,3000,2830.18867924528,'徐磊杰',5,'正常','徐磊杰','WT190001','2019-01-10 00:00:00',NULL,0,0,NULL),(180,'HJ184809','HJ184809','2019-01-14 00:00:00','企业','3个月','05672658','余姚市达华灯具有限公司','环境-环境',5,'环境-环境',2000,2000,1886.79245283019,'褚震',25,'正常','贺苗妙','HJ184809','2019-01-01 00:00:00',NULL,0,0,NULL),(181,'HJ185132','HJ185132','2019-01-14 00:00:00','企业','3个月','05672659','余姚市达华灯具有限公司','环境-环境',5,'环境-环境',1500,1500,1415.09433962264,'褚震',25,'正常','贺苗妙','HJ185132','2019-01-01 00:00:00',NULL,0,0,NULL),(182,'JC181347','JC181347','2019-01-14 00:00:00','企业','3个月','05672660','晓星化工（嘉兴）有限公司','职卫-职卫',9,'职卫-职卫',13000,13000,12264.1509433962,'胡亚芬',26,'正常','贺苗妙','JC181347','2019-01-10 00:00:00',NULL,0,0,NULL),(183,'JC181376','JC181376','2019-01-14 00:00:00','企业','3个月','05672661','桐乡市龙鑫纺织整理有限公司','职卫-职卫',9,'职卫-职卫',3500,3500,3301.88679245283,'胡亚芬',26,'正常','贺苗妙','JC181376','2019-01-12 00:00:00',NULL,0,0,NULL),(184,'JC181348','JC181348','2019-01-14 00:00:00','企业','3个月','05672662','平湖市华晟机械有限公司','职卫-职卫',9,'职卫-职卫',5500,5500,5188.67924528302,'胡亚芬',26,'正常','贺苗妙','JC181348','2019-01-08 00:00:00',NULL,0,0,NULL),(185,'JC181277','JC181277','2019-01-14 00:00:00','企业','3个月','05672663','浙江华祥纺织有限公司','职卫-职卫',9,'职卫-职卫',9000,9000,8490.56603773585,'胡亚芬',26,'正常','贺苗妙','JC181277','2018-12-29 00:00:00',NULL,0,0,NULL),(186,'A18-0247','A18-0247','2019-01-14 00:00:00','企业','3个月','05672664','宁波东部新城开发投资集团有限公司','辐环-室内空气',8,'室内空气',27030,27030,25500,'王青',8,'正常','王青','KJ19-01-0009','2019-01-14 00:00:00',NULL,0,0,NULL),(187,'JC181135','JC181135','2019-01-15 00:00:00','企业','3个月','05672665','海天塑机集团有限公司','职卫-职卫',9,'职卫-职卫',15000,15000,14150.9433962264,'徐磊杰',5,'正常','贺苗妙','JC181135','2019-01-04 00:00:00',NULL,0,0,NULL),(188,'JC181136','JC181136','2019-01-15 00:00:00','企业','3个月','05672666','海天塑机集团有限公司','职卫-职卫',9,'职卫-职卫',14000,14000,13207.5471698113,'徐磊杰',5,'正常','贺苗妙','JC181136','2018-11-30 00:00:00',NULL,0,0,NULL),(189,'JC181134','JC181134','2019-01-15 00:00:00','企业','3个月','05672667','海天塑机集团有限公司','职卫-职卫',9,'职卫-职卫',12000,12000,11320.7547169811,'徐磊杰',5,'正常','贺苗妙','JC181134','2018-11-23 00:00:00',NULL,0,0,NULL),(190,'JC181133','JC181133','2019-01-15 00:00:00','企业','3个月','05672668','海天塑机集团有限公司','职卫-职卫',9,'职卫-职卫',29000,29000,27358.4905660377,'徐磊杰',5,'正常','贺苗妙','JC181133','2018-11-28 00:00:00',NULL,0,0,NULL),(191,'JC181177','JC181177','2019-01-15 00:00:00','企业','3个月','05672669','宁波一力减震器有限公司','职卫-职卫',9,'职卫-职卫',4800,4800,4528.30188679245,'徐磊杰',5,'正常','贺苗妙','JC181177','2018-11-30 00:00:00',NULL,0,0,NULL),(192,'JC181138','JC181138','2019-01-15 00:00:00','企业','3个月','05672670','宁波海天金属成型设备有限公司','职卫-职卫',9,'职卫-职卫',5000,5000,4716.98113207547,'徐磊杰',5,'正常','贺苗妙','JC181138','2018-12-04 00:00:00',NULL,0,0,NULL),(193,'JC181139','JC181139','2019-01-15 00:00:00','企业','3个月','05672671','宁波海天精工股份有限公司','职卫-职卫',9,'职卫-职卫',23000,23000,21698.1132075472,'徐磊杰',5,'正常','贺苗妙','JC181139','2018-12-12 00:00:00',NULL,0,0,NULL),(194,'JC181137','JC181137','2019-01-15 00:00:00','企业','3个月','05672672','宁波长飞亚塑料机械制造有限公司','职卫-职卫',9,'职卫-职卫',19000,19000,17924.5283018868,'徐磊杰',5,'正常','贺苗妙','JC181137','2018-12-07 00:00:00',NULL,0,0,NULL),(195,'S18-0120','JNPG-2018-033','2019-01-15 00:00:00','企业','3个月','05672673','宁波中镕汽车部件有限公司','节能-节能',11,'节能-节能',85000,55000,51886.7924528302,'陈钊增',16,'正常','吴烨铿','XYNP2018-0323','2019-01-01 00:00:00',NULL,0,0,NULL),(196,'HJ185191','HJ185191','2019-01-15 00:00:00','企业','3个月','05672674','浙江奇胜运动装备有限公司','环境-环境',5,'环境-环境',1670,1670,1575.47169811321,'张莉',6,'正常','王梦蝶','HJ185191','2019-01-10 00:00:00',NULL,0,0,NULL),(197,'HS185253','HS185253','2019-01-15 00:00:00','企业','3个月','05672676','宜兴市四方水处理有限公司','环境-环境',5,'环境-环境',200,200,188.679245283019,'张莉',6,'正常','王梦蝶','HS185253','2019-01-10 00:00:00',NULL,0,0,NULL),(198,'JC181356','JC181356','2019-01-15 00:00:00','企业','3个月','05672677','宁波精益微型轴有限公司','职卫-职卫',9,'职卫-职卫',10000,10000,9433.96226415094,'郑刚超',10,'正常',NULL,'JC181356','2019-01-07 00:00:00',NULL,0,0,NULL),(199,'H16-0428','ZWKP2016-026','2019-01-15 00:00:00','企业','3个月','05672678','宁波峰梅视讯电子有限公司','职卫-职卫',9,'职卫-职卫控评',56000,28000,26415.0943396226,'郑尚涛',18,'正常','沈辰辰','XWKP2016-026','2019-01-10 00:00:00',NULL,0,0,NULL),(200,'S18-0124','AQJC2018-021','2019-01-15 00:00:00','企业','3个月','05672679','宁波永固化工有限公司','节能-节能',11,'电气防爆安全',22000,22000,20754.7169811321,'吴烨铿',27,'正常','吴烨铿','AJ19-01-0001','2019-01-11 00:00:00',NULL,0,0,NULL),(201,'HJ185007','HJ185007','2019-01-15 00:00:00','企业','3个月','05672680','宁波大学','环境-环境',5,'环境-环境',6000,6000,5660.37735849057,'杨正',4,'正常','杨正','HJ185007','2019-01-10 00:00:00',NULL,0,0,NULL),(202,'HJ182122','HJ182122','2019-01-15 00:00:00','企业','3个月','05672681','宁波群志光电有限公司','环境-环境',5,'环境-环境',192099,100000,94339.6226415094,'井瑜',7,'正常',NULL,'HJ182122','2019-01-01 00:00:00',NULL,0,0,NULL),(203,'HJ182122','HJ182122','2019-01-15 00:00:00','企业','3个月','05672682','宁波群志光电有限公司','环境-环境',5,'环境-环境',192099,92099,86885.8490566038,'井瑜',7,'正常',NULL,'HJ182122','2019-01-01 00:00:00',NULL,0,0,NULL),(204,'JC180674','JC180674','2019-01-15 00:00:00','企业','3个月','05672683','宁波群志光电有限公司','职卫-职卫',9,'职卫-职卫',122110,100000,94339.6226415094,'井瑜',7,'正常',NULL,'JC180674','2019-01-01 00:00:00',NULL,0,0,NULL),(205,'JC180674','JC180674','2019-01-15 00:00:00','企业','3个月','05672684','宁波群志光电有限公司','职卫-职卫',9,'职卫-职卫',122110,22110,20858.4905660377,'井瑜',7,'正常',NULL,'JC180674','2019-01-01 00:00:00',NULL,0,0,NULL),(206,'HJ180754','HJ180754','2019-01-15 00:00:00','企业','3个月','05672685','浙江世纪瑞尔金属科技有限公司','环境-环境',5,'环境-环境',15000,7500,7075.47169811321,'王青',8,'正常',NULL,'HJ180754','2019-01-03 00:00:00',NULL,0,0,NULL),(207,'HY180255','HY180255','2019-01-15 00:00:00','企业','3个月','05672686','宁波北仑千源文具制造有限公司','环境-环境',5,'环境-环境',13000,13000,12264.1509433962,'王青',8,'正常',NULL,'HY180255','2018-12-22 00:00:00',NULL,0,0,NULL),(208,'R19-0014','FJ-2019-0014','2019-01-15 00:00:00','企业','3个月','05672687','宁波市鄞州东铸检测科技有限公司','环境-环境',5,'环境-环境',2500,2500,2358.49056603774,'杨正',4,'正常','杨正','FJ19-01-0014','2019-01-15 00:00:00',NULL,0,0,NULL),(209,'HJ184831','HJ184831','2019-01-16 00:00:00','企业','3个月','05672688','宁波太平鸟风尚男装有限公司','环境-环境',5,'环境-环境',1000,1000,943.396226415094,'杨正',4,'正常','杨正','HJ184831','2019-01-11 00:00:00',NULL,0,0,NULL),(210,'HJ185012','HJ185012','2019-01-16 00:00:00','企业','3个月','05672689','宁波千念文具有限公司','环境-环境',5,'环境-环境',4000,4000,3773.58490566038,'徐磊杰',5,'正常','贺苗妙','HJ185012','2018-12-25 00:00:00',NULL,0,0,NULL),(211,'JC181327','JC181327','2019-01-16 00:00:00','企业','3个月','05672689','宁波千念文具有限公司','职卫-职卫',9,'职卫-职卫',4000,4000,3773.58490566038,'徐磊杰',5,'正常','贺苗妙','JC181327','2018-12-27 00:00:00',NULL,0,0,NULL),(212,'HJ183136','HJ183136','2019-01-16 00:00:00','企业','3个月','05672690','宁波永祥铸造有限公司','环境-环境',5,'环境-环境',18000,9000,8490.56603773585,'徐磊杰',5,'正常','贺苗妙','HJ183136','2018-12-21 00:00:00',NULL,0,0,NULL),(213,'HJ184988','HJ184988','2019-01-16 00:00:00','企业','3个月','05672691','宁波金海电子有限公司','环境-环境',5,'环境-环境',3300,3300,3113.20754716981,'杨正',4,'正常','王梦蝶','HJ184988','2018-12-29 00:00:00',NULL,0,0,NULL),(214,'R19-0006','FJ-2019-0009','2019-01-16 00:00:00','企业','3个月','05672692','宁波中物检测技术有限公司','辐环-放射',10,'放射卫生',4000,4000,3773.58490566038,'陈超军',11,'正常','董萍','FJ19-01-0030','2019-01-14 00:00:00',NULL,0,0,NULL),(215,'R19-0007','FJ-2019-0010','2019-01-16 00:00:00','企业','3个月','05672693','宁波奥威尔轮毂有限公司','辐环-放射',10,'放射卫生',3500,3500,3301.88679245283,'陈超军',11,'正常','董萍','FJ19-01-0007','2019-01-07 00:00:00',NULL,0,0,NULL),(216,'ZS190022','ZS190022','2019-01-16 00:00:00','企业','3个月','05672694','宁波市华测检测技术有限公司','职卫-职卫',9,'职卫-职卫',720,720,679.245283018868,'井瑜',7,'正常','贺苗妙','ZS190022','2019-01-15 00:00:00',NULL,0,0,NULL),(217,'HJ185335','HJ185335','2019-01-16 00:00:00','企业','3个月','05672695','宁波阿尔卑斯电子有限公司','环境-环境',5,'环境-环境',1800,1800,1698.11320754717,'井瑜',7,'正常','贺苗妙','HJ185335','2019-01-09 00:00:00',NULL,0,0,NULL),(218,'ZS190021','ZS190021','2019-01-16 00:00:00','企业','3个月','05672696','宁波天衡检测有限公司','职卫-职卫',9,'职卫-职卫',3000,3000,2830.18867924528,'井瑜',7,'正常','贺苗妙','ZS190021','2019-01-01 00:00:00',NULL,0,0,NULL),(219,'JC181359','JC181359','2019-01-16 00:00:00','企业','3个月','05672697','宁波通达精密铸造有限公司','职卫-职卫',9,'职卫-职卫',15000,15000,14150.9433962264,'孙健超',17,'正常','贺苗妙','JC181359','2019-01-14 00:00:00',NULL,0,0,NULL),(220,'JC190003','JC190003','2019-01-16 00:00:00','企业','3个月','05672698','宁波茂祥金属有限公司','职卫-职卫',9,'职卫-职卫',5000,5000,4716.98113207547,'孙健超',17,'正常','贺苗妙','JC190003','2019-01-14 00:00:00',NULL,0,0,NULL),(221,'JC181345','JC181345','2019-01-16 00:00:00','企业','3个月','05672699','宁波金城减震器有限公司','职卫-职卫',9,'职卫-职卫',4000,4000,3773.58490566038,'孙健超',17,'正常','贺苗妙','JC181345','2019-01-08 00:00:00',NULL,0,0,NULL),(222,'JC181368','JC181368','2019-01-16 00:00:00','企业','3个月','05672700','宁波力必达电池有限公司','职卫-职卫',9,'职卫-职卫',4500,4500,4245.28301886792,'孙健超',17,'正常','贺苗妙','JC181368','2019-01-04 00:00:00',NULL,0,0,NULL),(223,'HJ185190','HJ185190','2019-01-16 00:00:00','企业','3个月','05672701','余姚市红日机械有限公司','环境-环境',5,'环境-环境',10000,10000,9433.96226415094,'刘毅',15,'正常','王梦蝶','HJ185190','2019-01-05 00:00:00',NULL,0,0,NULL),(224,'HJ181800','HJ181800','2019-01-16 00:00:00','企业','3个月','05672702','宁波奉化金盛镀业有限公司','环境-环境',5,'环境-环境',65000,32500,30660.3773584906,'张莉',6,'正常','王梦蝶','HJ181800','2018-12-20 00:00:00',NULL,0,0,NULL),(225,'HS185266','HS185266','2019-01-16 00:00:00','企业','3个月','05672703','宁波精益微型轴有限公司','环境-环境',5,'环境-环境',1200,1200,1132.07547169811,'张莉',6,'正常',NULL,'HS185266','2018-12-29 00:00:00',NULL,0,0,NULL),(226,'A18-0248 ','A18-0248 ','2019-01-16 00:00:00','企业','3个月','05672704','中国农业银行股份有限公司宁波分行','辐环-室内空气',8,'室内空气',3000,3000,2830.18867924528,'熊小红',12,'正常','丁叶枫','JZ18-12-0253','2018-12-10 00:00:00',NULL,0,0,NULL),(227,'P19-0013.P19-0018','GW-2019-0018,GW-2019-0013','2019-01-16 00:00:00','企业','3个月','05672705','宁波燕庐酒店管理有限公司','辐环-公共卫生',7,'公共卫生',5000,5000,4716.98113207547,'杨正',4,'正常',NULL,'GW18-01-0018/0013','2019-01-16 00:00:00',NULL,0,0,NULL),(228,'HJ183748','HJ183748','2019-01-16 00:00:00','企业','3个月','05672706','中国石油集团安全环保技术研究院有限公司','环境-环境',5,'环境-环境',2300000,0,-94339.6226415094,'刘毅',15,'正常','张莉','HJ183748','2018-11-20 00:00:00',NULL,0,0,NULL),(229,'HJ183748','HJ183748','2019-01-16 00:00:00','企业','3个月','05672707','中国石油集团安全环保技术研究院有限公司','环境-环境',5,'环境-环境',2300000,0,-94339.6226415094,'刘毅',15,'正常','张莉','HJ183748','2018-11-20 00:00:00',NULL,0,0,NULL),(230,'HJ183748','HJ183748','2019-01-16 00:00:00','企业','3个月','05672708','中国石油集团安全环保技术研究院有限公司','环境-环境',5,'环境-环境',2300000,0,-94339.6226415094,'刘毅',15,'正常','张莉','HJ183748','2018-11-20 00:00:00',NULL,0,0,NULL),(231,'HJ183748','HJ183748','2019-01-16 00:00:00','企业','3个月','05672709','中国石油集团安全环保技术研究院有限公司','环境-环境',5,'环境-环境',2300000,0,-94339.6226415094,'刘毅',15,'正常','张莉','HJ183748','2018-11-20 00:00:00',NULL,0,0,NULL),(232,'HJ183748','HJ183748','2019-01-16 00:00:00','企业','3个月','05672710','中国石油集团安全环保技术研究院有限公司','环境-环境',5,'环境-环境',2300000,0,-94339.6226415094,'刘毅',15,'正常','张莉','HJ183748','2018-11-20 00:00:00',NULL,0,0,NULL),(233,'HJ183748','HJ183748','2019-01-16 00:00:00','企业','3个月','05672711','中国石油集团安全环保技术研究院有限公司','环境-环境',5,'环境-环境',2300000,0,-94339.6226415094,'刘毅',15,'正常','张莉','HJ183748','2018-11-20 00:00:00',NULL,0,0,NULL),(234,'HJ183748','HJ183748','2019-01-16 00:00:00','企业','3个月','05672712','中国石油集团安全环保技术研究院有限公司','环境-环境',5,'环境-环境',2300000,0,-94339.6226415094,'刘毅',15,'正常','张莉','HJ183748','2018-11-20 00:00:00',NULL,0,0,NULL),(235,'HJ183748','HJ183748','2019-01-16 00:00:00','企业','3个月','05672713','中国石油集团安全环保技术研究院有限公司','环境-环境',5,'环境-环境',2300000,0,-94339.6226415094,'刘毅',15,'正常','张莉','HJ183748','2018-11-20 00:00:00',NULL,0,0,NULL),(236,'HJ183748','HJ183748','2019-01-16 00:00:00','企业','3个月','05672714','中国石油集团安全环保技术研究院有限公司','环境-环境',5,'环境-环境',2300000,0,-94339.6226415094,'刘毅',15,'正常','张莉','HJ183748','2018-11-20 00:00:00',NULL,0,0,NULL),(237,'HJ183748','HJ183748','2019-01-16 00:00:00','企业','3个月','05672715','中国石油集团安全环保技术研究院有限公司','环境-环境',5,'环境-环境',2300000,0,-94339.6226415094,'刘毅',15,'正常','张莉','HJ183748','2018-11-20 00:00:00',NULL,0,0,NULL),(238,'HJ183748','HJ183748','2019-01-16 00:00:00','企业','3个月','05672716','中国石油集团安全环保技术研究院有限公司','环境-环境',5,'环境-环境',2300000,0,-94339.6226415094,'刘毅',15,'正常','张莉','HJ183748','2018-11-20 00:00:00',NULL,0,0,NULL),(239,'HJ183748','HJ183748','2019-01-16 00:00:00','企业','3个月','05672717','中国石油集团安全环保技术研究院有限公司','环境-环境',5,'环境-环境',2300000,0,-94339.6226415094,'刘毅',15,'正常','张莉','HJ183748','2018-11-20 00:00:00',NULL,0,0,NULL),(240,'HJ183748','HJ183748','2019-01-16 00:00:00','企业','3个月','05672718','中国石油集团安全环保技术研究院有限公司','环境-环境',5,'环境-环境',2300000,0,-94339.6226415094,'刘毅',15,'正常','张莉','HJ183748','2018-11-20 00:00:00',NULL,0,0,NULL),(241,'HJ183748','HJ183748','2019-01-16 00:00:00','企业','3个月','05672719','中国石油集团安全环保技术研究院有限公司','环境-环境',5,'环境-环境',2300000,0,-94339.6226415094,'刘毅',15,'正常','张莉','HJ183748','2018-11-20 00:00:00',NULL,0,0,NULL),(242,'HJ183748','HJ183748','2019-01-16 00:00:00','企业','3个月','05672720','中国石油集团安全环保技术研究院有限公司','环境-环境',5,'环境-环境',2300000,0,-94339.6226415094,'刘毅',15,'正常','张莉','HJ183748','2018-11-20 00:00:00',NULL,0,0,NULL),(243,'HJ183748','HJ183748','2019-01-16 00:00:00','企业','3个月','05672721','中国石油集团安全环保技术研究院有限公司','环境-环境',5,'环境-环境',2300000,0,-94339.6226415094,'刘毅',15,'正常','张莉','HJ183748','2018-11-20 00:00:00',NULL,0,0,NULL),(244,'HJ183748','HJ183748','2019-01-16 00:00:00','企业','3个月','05672722','中国石油集团安全环保技术研究院有限公司','环境-环境',5,'环境-环境',2300000,0,-94339.6226415094,'刘毅',15,'正常','张莉','HJ183748','2018-11-20 00:00:00',NULL,0,0,NULL),(245,'HJ183748','HJ183748','2019-01-16 00:00:00','企业','3个月','05672723','中国石油集团安全环保技术研究院有限公司','环境-环境',5,'环境-环境',2300000,0,-94339.6226415094,'刘毅',15,'正常','张莉','HJ183748','2018-11-20 00:00:00',NULL,0,0,NULL),(246,'HJ183748','HJ183748','2019-01-16 00:00:00','企业','3个月','05672724','中国石油集团安全环保技术研究院有限公司','环境-环境',5,'环境-环境',2300000,0,-94339.6226415094,'刘毅',15,'正常','张莉','HJ183748','2018-11-20 00:00:00',NULL,0,0,NULL),(247,'HJ183748','HJ183748','2019-01-16 00:00:00','企业','3个月','05672725','中国石油集团安全环保技术研究院有限公司','环境-环境',5,'环境-环境',2300000,0,-94339.6226415094,'刘毅',15,'正常','张莉','HJ183748','2018-11-20 00:00:00',NULL,0,0,NULL),(248,'HJ183748','HJ183748','2019-01-16 00:00:00','企业','3个月','05719391','中国石油集团安全环保技术研究院有限公司','环境-环境',5,'环境-环境',2300000,0,-94339.6226415094,'刘毅',15,'正常','张莉','HJ183748','2018-11-20 00:00:00',NULL,0,0,NULL),(249,'HJ183748','HJ183748','2019-01-16 00:00:00','企业','3个月','05719392','中国石油集团安全环保技术研究院有限公司','环境-环境',5,'环境-环境',2300000,0,-94339.6226415094,'刘毅',15,'正常','张莉','HJ183748','2018-11-20 00:00:00',NULL,0,0,NULL),(250,'HJ183748','HJ183748','2019-01-16 00:00:00','企业','3个月','05719393','中国石油集团安全环保技术研究院有限公司','环境-环境',5,'环境-环境',2300000,0,-94339.6226415094,'刘毅',15,'正常','张莉','HJ183748','2018-11-20 00:00:00',NULL,0,0,NULL),(251,'JC181337','JC181337','2019-01-16 00:00:00','企业','3个月','05719395','宁波高博科技有限公司','职卫-职卫',9,'职卫-职卫',5500,5500,5188.67924528302,'钟于洋',14,'正常','贺苗妙','JC181337','2019-01-04 00:00:00',NULL,0,0,NULL),(252,'HJ185053','HJ185053','2019-01-16 00:00:00','企业','3个月','05719395','宁波高博科技有限公司','环境-环境',5,'环境-环境',5000,5000,4716.98113207547,'钟于洋',14,'正常','贺苗妙','HJ185053','2019-01-04 00:00:00',NULL,0,0,NULL),(253,'WT180239','WT180239','2019-01-16 00:00:00','企业','3个月','05719396','宁波永祥铸造有限公司','职卫-职卫',9,'职卫-职卫',1000,1000,943.396226415094,'徐磊杰',5,'正常','贺苗妙','WT180239','2019-12-29 00:00:00',NULL,0,0,NULL),(254,'A19-0003','A19-0003','2019-01-16 00:00:00','企业','3个月','05719397','宁波净享环保科技有限公司','辐环-室内空气',8,'室内空气',1000,1000,943.396226415094,'熊小红',12,'正常',NULL,'JZ19-01-0004','2019-01-11 00:00:00',NULL,0,0,NULL),(255,'HJ184425','HJ184425','2019-01-16 00:00:00','企业','3个月','05719398','宁波东泰电器有限公司','环境-环境',5,'环境-环境',800,800,754.716981132075,'刘毅',15,'正常','王梦蝶','HJ184425','2019-01-10 00:00:00',NULL,0,0,NULL),(256,'HY180072','HY180072','2019-01-16 00:00:00','企业','3个月','05719399','宁波奥威尔轮毂有限公司','环境-环境',5,'环境-环境',38000,38000,35849.0566037736,'郑尚涛',18,'正常','沈辰辰','HY180072','2018-07-30 00:00:00',NULL,0,0,NULL),(257,'HJ184445','HJ184445','2019-01-17 00:00:00','企业','3个月','05719400','宁波市海曙捷顺工贸有限公司','环境-环境',5,'环境-环境',2000,2000,1886.79245283019,'翁际渊',9,'正常','沈辰辰','HJ184445','2018-12-05 00:00:00',NULL,0,0,NULL),(258,'HJ185100','HJ185100','2019-01-17 00:00:00','企业','3个月','05719401','宁波乐意印业有限公司','环境-环境',5,'环境-环境',5000,5000,4716.98113207547,'翁际渊',9,'正常','沈辰辰','HJ185100','2018-12-25 00:00:00',NULL,0,0,NULL),(259,'ZWPJ180250','ZWPJ180250','2019-01-17 00:00:00','企业','3个月','05719402','湖州泰伦电力设备有限公司','职卫-职卫',9,'职卫-现状评价',20000,20000,18867.9245283019,'陈磊',13,'正常','贺苗妙','PJ180133','2018-12-21 00:00:00',NULL,0,0,NULL),(260,'ZWPJ180185','ZWPJ180185','2019-01-17 00:00:00','企业','3个月','05719403','湖州达多皮革有限公司','职卫-职卫',9,'职卫-现状评价',23000,23000,21698.1132075472,'廖桂陶',28,'正常','贺苗妙','JC180096','2019-01-16 00:00:00',NULL,0,0,NULL),(261,'ZWPJ180308','ZWPJ180308','2019-01-17 00:00:00','企业','3个月','05719404','湖州新天外绿包印刷有限公司','职卫-职卫',9,'职卫-现状评价',30000,30000,28301.8867924528,'陈磊',13,'正常','贺苗妙','PJ180163','2019-01-16 00:00:00',NULL,0,0,NULL),(262,'JC181109','JC181109','2019-01-17 00:00:00','企业','3个月','05719405','湖州森宏环保木塑材料有限公司','职卫-职卫',9,'职卫-职卫',4000,4000,3773.58490566038,'陈磊',13,'正常','贺苗妙','JC181109','2019-01-16 00:00:00',NULL,0,0,NULL),(263,'HJ185241','HJ185241','2019-01-17 00:00:00','企业','3个月','05719406','舟山定海宏达新墙体有限公司','环境-环境',5,'环境-环境',2800,2800,2641.50943396226,'张莉',6,'正常','贺苗妙','HJ185241','2019-01-03 00:00:00',NULL,0,0,NULL),(264,'HJ184918','HJ184918','2019-01-17 00:00:00','企业','3个月','05719408','宁波锐威尔贸易有限公司','环境-环境',5,'环境-环境',9000,9000,8490.56603773585,'翁际渊',9,'正常','沈辰辰','HJ184918','2018-12-12 00:00:00',NULL,0,0,NULL),(265,'HJ184616','HJ184616','2019-01-17 00:00:00','企业','3个月','05719409','宁波好伙伴电器有限公司','环境-环境',5,'环境-环境',3000,3000,2830.18867924528,'褚震',25,'正常','贺苗妙','HJ184616','2019-01-01 00:00:00',NULL,0,0,NULL),(266,'HJ190279','HJ190279','2019-01-17 00:00:00','企业','3个月','05719410','宁波科环新型建材股份有限公司','环境-环境',5,'环境-环境',4000,4000,3773.58490566038,'郑尚涛',18,'正常','贺苗妙','HJ190279','2019-01-17 00:00:00',NULL,0,0,NULL),(267,'JC181372','JC181372','2019-01-17 00:00:00','企业','3个月','05719411','浙江绿洲制冷设备有限公司','职卫-职卫',9,'职卫-职卫',9600,9600,9056.60377358491,'徐磊杰',5,'正常','黄新源','JC181372','2019-01-11 00:00:00',NULL,0,0,NULL),(268,'HY180256','HY180256','2019-01-17 00:00:00','企业','3个月','05719412','浙江阳明汽车部件有限公司','环境-环境',5,'环境-环境',11000,11000,10377.358490566,'沈辰辰',29,'正常','沈辰辰','HY180256','2019-01-04 00:00:00',NULL,0,0,NULL),(269,'HJ185036','HJ185036','2019-01-17 00:00:00','企业','3个月','05719413','宁波车合紧固件有限公司','环境-环境',5,'环境-环境',1500,1500,1415.09433962264,'翁际渊',9,'正常','沈辰辰','HJ185036','2019-01-11 00:00:00',NULL,0,0,NULL),(270,'HY180273','HY180273','2019-01-17 00:00:00','企业','3个月','05719414','宁波启顺塑胶工贸有限公司','环境-环境',5,'环境-环境',12000,12000,11320.7547169811,'宋康康',30,'正常','沈辰辰','HY180273','2018-12-25 00:00:00',NULL,0,0,NULL),(271,'HJ190068','HJ190068','2019-01-17 00:00:00','企业','3个月','05719415','宁波震裕科技股份有限公司','环境-环境',5,'环境-环境',4000,4000,3773.58490566038,'杨正',4,'正常','沈辰辰','HJ190068','2018-01-14 00:00:00',NULL,0,0,NULL),(272,'HJ185089','HJ185089','2019-01-17 00:00:00','企业','3个月','05719416','宁波经济技术开发区岳建土建工程队','环境-环境',5,'环境-环境',2000,2000,1886.79245283019,'杨正',4,'正常','沈辰辰','HJ185089','2018-12-29 00:00:00',NULL,0,0,NULL),(273,'HJ185265','HJ185265','2019-01-17 00:00:00','企业','3个月','05719417','宁波康泰博科技发展有限公司','环境-环境',5,'环境-环境',3600,3600,3396.22641509434,'杨正',4,'正常','沈辰辰','HJ185265','2019-01-04 00:00:00',NULL,0,0,NULL),(274,'JC190023','JC190023','2019-01-17 00:00:00','企业','3个月','05719418','宁波尼可家用品有限公司','职卫-职卫',9,'职卫-职卫',4000,4000,3773.58490566038,'郑刚超',10,'正常','贺苗妙','JC190023','2019-01-16 00:00:00',NULL,0,0,NULL),(275,'HS190248','HS190248','2019-01-17 00:00:00','企业','3个月','05719419','宁波市元科环保工程有限公司','环境-环境',5,'环境-环境',100,100,94.3396226415094,'张莉',6,'正常','王梦蝶','HS190248','2019-01-15 00:00:00',NULL,0,0,NULL),(276,'HJ185032','HJ185032','2019-01-17 00:00:00','企业','3个月','05719421','宁波市康宁医院','环境-环境',5,'环境-环境',1200,1200,1132.07547169811,'杨正',4,'正常',NULL,'HJ185032','2019-01-16 00:00:00',NULL,0,0,NULL),(277,'HJ185322','HJ185322','2019-01-18 00:00:00','企业','3个月','05719422','宁波华翔特雷姆汽车饰件有限公司','环境-环境',5,'环境-环境',8500,8500,8018.8679245283,'钟于洋',14,'正常','钟于洋','HJ185322','2019-01-16 00:00:00',NULL,0,0,NULL),(278,'HJ183624','HJ183624','2019-01-18 00:00:00','企业','3个月','05719423','台州市绿水青山环境科技有限公司','环境-环境',5,'环境-环境',10000,10000,9433.96226415094,'李倩',23,'正常','沈辰辰','HJ183624','2019-01-18 00:00:00',NULL,0,0,NULL),(279,'HJ183900','HJ183900','2019-01-18 00:00:00','企业','3个月','05719424','台州市绿水青山环境科技有限公司','环境-环境',5,'环境-环境',9700,9700,9150.94339622641,'李倩',23,'正常','沈辰辰','HJ183900','2018-11-08 00:00:00',NULL,0,0,NULL),(280,'HJ183860','HJ183860','2019-01-18 00:00:00','企业','3个月','05719425','台州市绿水青山环境科技有限公司','环境-环境',5,'环境-环境',11000,11000,10377.358490566,'李倩',23,'正常','沈辰辰','HJ183860','2018-12-13 00:00:00',NULL,0,0,NULL),(281,'HJ183458','HJ183458','2019-01-18 00:00:00','企业','3个月','05719426','台州市绿水青山环境科技有限公司','环境-环境',5,'环境-环境',12000,12000,11320.7547169811,'李倩',23,'正常','沈辰辰','HJ183458','2018-10-16 00:00:00',NULL,0,0,NULL),(282,'HJ183625','HJ183625','2019-01-18 00:00:00','企业','3个月','05719427','台州市绿水青山环境科技有限公司','环境-环境',5,'环境-环境',19800,19800,18679.2452830189,'李倩',23,'正常','沈辰辰','HJ183625','2018-11-26 00:00:00',NULL,0,0,NULL),(283,'HS185232','HS185232','2019-01-18 00:00:00','企业','3个月','05719428','宁波海威汽车零件股份有限公司','环境-环境',5,'环境-环境',2600,2600,2452.83018867925,'杨正',4,'正常','杨正','HS185232','2019-01-10 00:00:00',NULL,0,0,NULL),(284,'HS185081','HS185081','2019-01-18 00:00:00','企业','3个月','05719429','航天凯天环保科技股份有限公司','环境-环境',5,'环境-环境',10200,10200,9622.64150943396,'杨正',4,'正常','杨正','HS185081','2019-01-17 00:00:00',NULL,0,0,NULL),(285,'JC190013','JC190013','2019-01-21 00:00:00','企业','3个月','05719430','舟山中兴汽车销售服务有限公司','职卫-职卫',9,'职卫-职卫',4000,4000,3773.58490566038,'徐磊杰',5,'正常','贺苗妙','JC190013','2019-01-17 00:00:00',NULL,0,0,NULL),(286,'R18-0598','FJ-2018-0415','2019-01-21 00:00:00','企业','3个月','05719431','宁波明峰检验检测研究院有限公司','辐环-放射',10,'放射卫生',9000,9000,8490.56603773585,'樊怡娴',31,'正常',NULL,'FJ18-11-1269','2018-11-01 00:00:00',NULL,0,0,NULL),(287,'HJ190061','HJ190061','2019-01-21 00:00:00','企业','3个月','05719432','中科鼎实环境工程有限公司','环境-环境',5,'环境-环境',2088.2,2088.2,1970,'陈德藏',22,'正常','沈辰辰','HJ190061','2019-01-11 00:00:00',NULL,0,0,NULL),(288,'HJ184606','HJ184606','2019-01-21 00:00:00','企业','3个月','05719433','宁波兴业盛泰集团有限公司','环境-环境',5,'环境-环境',12000,12000,11320.7547169811,'张莉',6,'正常','王梦蝶','HJ184606','2019-01-17 00:00:00',NULL,0,0,NULL),(289,'HJ190160','HJ190160','2019-01-21 00:00:00','企业','3个月','05719434','宁波兴业盛泰集团有限公司','环境-环境',5,'环境-环境',2000,2000,1886.79245283019,'张莉',6,'正常','王梦蝶','HJ190160','2019-01-16 00:00:00',NULL,0,0,NULL),(290,'HS190250','HS190250','2019-01-21 00:00:00','企业','3个月','05719435','东美（宁波）环境科技有限公司','环境-环境',5,'环境-环境',1000,1000,943.396226415094,'张莉',6,'正常','王梦蝶','HS190250','2019-01-16 00:00:00',NULL,0,0,NULL),(291,'JC181383','JC181383','2019-01-21 00:00:00','企业','3个月','05719436','浙江振益电气有限公司','职卫-职卫',9,'职卫-职卫',1400,1400,1320.75471698113,'陈德藏',22,'正常','沈辰辰','JC181383','2019-01-07 00:00:00',NULL,0,0,NULL),(292,'HJ184963','HJ184963','2019-01-21 00:00:00','企业','3个月','05719437','浙江弘达环保科技有限公司','环境-环境',5,'环境-环境',88000,88000,83018.8679245283,'陈晓贝',40,'正常','沈辰辰','HJ184963','2018-12-29 00:00:00',NULL,0,0,NULL),(293,'HJ184942','HJ184942','2019-01-21 00:00:00','企业','3个月','05719438','台州市炎发再生物资有限公司','环境-环境',5,'环境-环境',26000,26000,24528.3018867925,'陈晓贝',40,'正常','沈辰辰','HJ184942','2018-12-24 00:00:00',NULL,0,0,NULL),(294,'WT190004','WT190004','2019-01-21 00:00:00','企业','3个月','05719439','浙江欧伦泰防火设备有限公司','职卫-职卫',9,'职卫-职卫',5000,5000,4716.98113207547,'褚震',25,'正常','贺苗妙','WT190004','2019-01-01 00:00:00',NULL,0,0,NULL),(295,'JC190007','JC190007','2019-01-21 00:00:00','企业','3个月','05719440','浙江汇德隆家居用品有限公司','职卫-职卫',9,'职卫-职卫',6500,6500,6132.07547169811,'褚震',25,'正常','贺苗妙','JC190007','2019-01-01 00:00:00',NULL,0,0,NULL),(296,'JC190006','JC190006','2019-01-21 00:00:00','企业','3个月','05719441','宁波吉盛电子有限公司','职卫-职卫',9,'职卫-职卫',6000,6000,5660.37735849057,'褚震',25,'正常','贺苗妙','JC190006','2019-01-01 00:00:00',NULL,0,0,NULL),(297,'JC181303','JC181303','2019-01-21 00:00:00','企业','3个月','05719442','金泰石化能源有限公司','职卫-职卫',9,'职卫-职卫',6500,6500,6132.07547169811,'褚震',25,'正常','贺苗妙','JC181303','2019-01-01 00:00:00',NULL,0,0,NULL),(298,'HJ190195','HJ190195','2019-01-21 00:00:00','企业','3个月','05719443','宁波艾森饰品有限公司','环境-环境',5,'环境-环境',2000,2000,1886.79245283019,'褚震',25,'正常','贺苗妙','HJ190195','2019-01-01 00:00:00',NULL,0,0,NULL),(299,'HJ190189','HJ190189','2019-01-21 00:00:00','企业','3个月','05719444','浙江汇德隆家居用品有限公司','环境-环境',5,'环境-环境',3500,3500,3301.88679245283,'褚震',25,'正常','贺苗妙','HJ190189','2019-01-01 00:00:00',NULL,0,0,NULL),(300,'HJ190088','HJ190088','2019-01-21 00:00:00','企业','3个月','05719445','宁波吉盛电子有限公司','环境-环境',5,'环境-环境',5000,5000,4716.98113207547,'褚震',25,'正常','贺苗妙','HJ190088','2019-01-01 00:00:00',NULL,0,0,NULL),(301,'WT180233','WT180233','2019-01-21 00:00:00','企业','3个月','05719447','宁波丸万塑料包装制品有限公司','职卫-职卫',9,'职卫-职卫',1500,1500,1415.09433962264,'郑尚涛',18,'正常','沈辰辰','WT180233','2019-01-04 00:00:00',NULL,0,0,NULL),(302,'WT180232','WT180232','2019-01-21 00:00:00','企业','3个月','05719448','宁波港太塑料制品有限公司','职卫-职卫',9,'职卫-职卫',1500,1500,1415.09433962264,'郑尚涛',18,'正常','沈辰辰','WT180232','2019-01-04 00:00:00',NULL,0,0,NULL),(303,'HJ184648','HJ184648','2019-01-21 00:00:00','企业','3个月','05719449','青岛新东机械有限公司','环境-环境',5,'环境-环境',1000,1000,943.396226415094,'褚震',25,'正常','贺苗妙','HJ184648','2019-01-01 00:00:00',NULL,0,0,NULL),(304,'JC181377','JC181377','2019-01-21 00:00:00','企业','3个月','05719450','宁波三灵电子有限公司','职卫-职卫',9,'职卫-职卫',5000,5000,4716.98113207547,'褚震',25,'正常','贺苗妙','JC181377','2019-01-01 00:00:00',NULL,0,0,NULL),(305,'HS190268','HS190268','2019-01-21 00:00:00','企业','3个月','05719451','上海兰纳新材料有限公司','环境-环境',5,'环境-环境',200,200,188.679245283019,'杨正',4,'正常','杨正','HS190268','2019-01-20 00:00:00',NULL,0,0,NULL),(306,'JC190012','JC190012','2019-01-21 00:00:00','企业','3个月','05719452','日照航顺疏浚工程有限公司','职卫-职卫',9,'职卫-职卫',5000,5000,4716.98113207547,'郑尚涛',18,'正常',NULL,'JC190012','2018-01-18 00:00:00',NULL,0,0,NULL),(307,'HJ184649','HJ184649','2019-01-21 00:00:00','企业','3个月','05719453','广州市怡森环保设备有限公司','环境-环境',5,'环境-环境',2000,2000,1886.79245283019,'褚震',25,'正常','贺苗妙','HJ184649','2019-01-01 00:00:00',NULL,0,0,NULL),(308,'HJ190204','HJ190204','2019-01-21 00:00:00','企业','3个月','05719454','浙江力玄运动科技股份有限公司','环境-环境',5,'环境-环境',1000,1000,943.396226415094,'钟于洋',14,'正常','贺苗妙','HJ190204','2019-01-15 00:00:00',NULL,0,0,NULL),(309,'HJ184628','HJ184628','2019-01-21 00:00:00','企业','3个月','05719455','常石集团（舟山）造船有限公司','环境-环境',5,'环境-环境',16910,16910,15952.8301886792,'褚震',25,'正常','贺苗妙','HJ184628','2019-01-01 00:00:00',NULL,0,0,NULL),(310,'HJ190084','HJ190084','2019-01-21 00:00:00','企业','3个月','05719456','宁波水智慧工程咨询有限公司','环境-环境',5,'环境-环境',2000,2000,1886.79245283019,'刘毅',15,'正常','贺苗妙','HJ190084','2019-01-11 00:00:00',NULL,0,0,NULL),(311,'ZWPJ180323','ZWPJ180323','2019-01-21 00:00:00','企业','3个月','05719457','余姚新合利金属制品有限公司','职卫-职卫',9,'职卫-职卫',5000,5000,4716.98113207547,'褚震',25,'正常','贺苗妙','ZWPJ180323','2019-01-01 00:00:00',NULL,0,0,NULL),(312,'JC181353','JC181353','2019-01-21 00:00:00','企业','3个月','05719457','余姚新合利金属制品有限公司','职卫-职卫',9,'职卫-职卫',5000,5000,4716.98113207547,'褚震',25,'正常','贺苗妙','JC181353','2019-01-01 00:00:00',NULL,0,0,NULL),(313,'R19-0021','FJ-2019-0019','2019-01-22 00:00:00','企业','3个月','05719458','宁波市镇海金泰金属制品有限公司','辐环-放射',10,'放射卫生',4000,4000,3773.58490566038,'陈超军',11,'正常','黄新源','FJ19-01-0062','2019-01-19 00:00:00',NULL,0,0,NULL),(314,'HJ190076','HJ190076','2019-01-22 00:00:00','企业','3个月','05719459','宁波新乐电器有限公司','环境-环境',5,'环境-环境',4500,4500,4245.28301886792,'杨正',4,'正常','沈辰辰','HJ190076','2019-01-17 00:00:00',NULL,0,0,NULL),(315,'HJ185286','HJ185286','2019-01-22 00:00:00','企业','3个月','05719460','浙江保威尔科技有限公司','环境-环境',5,'环境-环境',2500,2500,2358.49056603774,'杨正',4,'正常','沈辰辰','HJ185286','2019-01-07 00:00:00',NULL,0,0,NULL),(316,'R19-0019','FJ-2019-0020','2019-01-22 00:00:00','企业','3个月','05719461','宁波市鄞州新鑫钢带制品厂（普通合伙）','辐环-放射',10,'放射卫生',2000,2000,1886.79245283019,'沈辰辰',29,'正常','沈辰辰','FJ19-01-0063','2019-01-21 00:00:00',NULL,0,0,NULL),(317,'HY180272','HY180272','2019-01-22 00:00:00','企业','3个月','05719462','宁波杰森绿色能源科技有限公司','环境-环境',5,'环境-环境',30000,30000,28301.8867924528,'王小明',24,'正常','沈辰辰','HY180272','2019-01-04 00:00:00',NULL,0,0,NULL),(318,'HJ185238','HJ185238','2019-01-22 00:00:00','企业','3个月','05719463','慈溪市龙发铝制罐有限公司','环境-环境',5,'环境-环境',2600,2600,2452.83018867925,'鲁升翔',33,'正常','沈辰辰','HJ185238','2019-01-05 00:00:00',NULL,0,0,NULL),(319,'JC181361','JC181361','2019-01-23 00:00:00','企业','3个月','05719464','宁波市顺逸服饰有限公司','职卫-职卫',9,'职卫-职卫',-3000,0,-2830.18867924528,'徐磊杰',5,'正常','徐磊杰','JC181361','2018-12-31 00:00:00',NULL,0,0,NULL),(320,'JC181361','JC181361','2019-01-23 00:00:00','企业','3个月','05719465','宁波市顺逸服饰有限公司','职卫-职卫',9,'职卫-职卫',3000,3000,2830.18867924528,'徐磊杰',5,'正常','徐磊杰','JC181361','2018-12-31 00:00:00',NULL,0,0,NULL),(321,'HS190286','HS190286','2019-01-23 00:00:00','企业','3个月','05719466','安徽创源文化发展有限公司','环境-环境',5,'环境-环境',200,200,188.679245283019,'张莉',6,'正常','王梦蝶','HS190286','2019-01-17 00:00:00',NULL,0,0,NULL),(322,'HJ184815','HJ184815','2019-01-23 00:00:00','企业','3个月','05719467','镇海国家石油储备基地有限责任公司','环境-环境',5,'环境-环境',9500,9500,8962.2641509434,'杨正',4,'正常','沈辰辰','HJ184815','2018-12-20 00:00:00',NULL,0,0,NULL),(323,'JC190019','JC190019','2019-01-23 00:00:00','企业','3个月','05719468','宁波立强机械有限公司','职卫-职卫',9,'职卫-职卫',10000,10000,9433.96226415094,'钟于洋',14,'正常','贺苗妙','JC190019','2019-01-01 00:00:00',NULL,0,0,NULL),(324,'HJ190154','HJ190154','2019-01-23 00:00:00','企业','3个月','05719469','宁波亚洲纸管纸箱有限公司','环境-环境',5,'环境-环境',2200,2200,2075.47169811321,'郑尚涛',18,'正常','贺苗妙','HJ190154','2019-01-12 00:00:00',NULL,0,0,NULL),(325,'JC190004','JC190004','2019-01-23 00:00:00','企业','3个月','05719470','宁波鼎行洁具有限公司','职卫-职卫',9,'职卫-职卫',4000,4000,3773.58490566038,'郑尚涛',18,'正常','贺苗妙','JC190004','2019-01-01 00:00:00',NULL,0,0,NULL),(326,'HJ190057','HJ190057','2019-01-23 00:00:00','企业','3个月','05719470','宁波鼎行洁具有限公司','环境-环境',5,'环境-环境',1500,1500,1415.09433962264,'钟于洋',14,'正常','贺苗妙','HJ190057','2019-01-01 00:00:00',NULL,0,0,NULL),(327,'R19-0020','FJ-2019-0027','2019-01-23 00:00:00','企业','3个月','05719471','宁波天衡检测有限公司','辐环-放射',10,'放射卫生',1500,1500,1415.09433962264,'井瑜',7,'正常','贺苗妙','FJ-2019-0027','2019-01-01 00:00:00',NULL,0,0,NULL),(328,'A19-0002','A19-0002','2019-01-23 00:00:00','企业','3个月','05719472','国网浙江省电力有限公司宁波供电公司','辐环-室内空气',8,'室内空气',4500,4500,4245.28301886792,'熊小红',12,'正常','熊小红','JZ19-01-0002','2019-01-19 00:00:00',NULL,0,0,NULL),(329,'P19-0015','GW-2019-0015','2019-01-23 00:00:00','企业','3个月','05719473','国网浙江省电力有限公司宁波供电公司','辐环-公共卫生',7,'公共卫生',1500,1500,1415.09433962264,'熊小红',12,'正常','熊小红','GW2019-0015','2019-01-20 00:00:00',NULL,0,0,NULL),(330,'A18-0251','A18-0251','2019-01-23 00:00:00','企业','3个月','05719474','国网浙江省电力有限公司宁波供电公司','辐环-室内空气',8,'室内空气',6000,6000,5660.37735849057,'熊小红',12,'正常','熊小红','JZ18-12-0251','2018-12-17 00:00:00',NULL,0,0,NULL),(331,'A19-0013','A19-0013','2019-01-23 00:00:00','企业','3个月','05719475','宁波影秀城酒店管理有限公司','辐环-室内空气',8,'室内空气',2000,2000,1886.79245283019,'熊小红',12,'正常','熊小红','JZ19-01-0012','2019-01-20 00:00:00',NULL,0,0,NULL),(332,'HY180265','HY180265','2019-01-23 00:00:00','企业','3个月','05719476','温州西子蓝环保科技有限公司','环境-环境',5,'环境-环境',5400,5400,5094.33962264151,'陈德藏',22,'正常','沈辰辰','HY180265','2018-12-27 00:00:00',NULL,0,0,NULL),(333,'HY190264','HY190264','2019-01-23 00:00:00','企业','3个月','05719476','温州西子蓝环保科技有限公司','环境-环境',5,'环境-环境',5400,5400,5094.33962264151,'陈德藏',22,'正常','沈辰辰','HY190264','2018-12-26 00:00:00',NULL,0,0,NULL),(334,'HY180263','HY180263','2019-01-23 00:00:00','企业','3个月','05719476','温州西子蓝环保科技有限公司','环境-环境',5,'环境-环境',8800,8800,8301.88679245283,'陈德藏',22,'正常','沈辰辰','HY180263','2018-12-27 00:00:00',NULL,0,0,NULL),(335,'HY180262','HY180262','2019-01-23 00:00:00','企业','3个月','05719476','温州西子蓝环保科技有限公司','环境-环境',5,'环境-环境',16800,16800,15849.0566037736,'陈德藏',22,'正常','沈辰辰','HY180262','2018-12-26 00:00:00',NULL,0,0,NULL),(336,'HY180261','HY180261','2019-01-23 00:00:00','企业','3个月','05719476','温州西子蓝环保科技有限公司','环境-环境',5,'环境-环境',5400,5400,5094.33962264151,'陈德藏',22,'正常','沈辰辰','HY180261','2018-12-26 00:00:00',NULL,0,0,NULL),(337,'HY180260','HY180260','2019-01-23 00:00:00','企业','3个月','05719476','温州西子蓝环保科技有限公司','环境-环境',5,'环境-环境',8000,8000,7547.16981132075,'陈德藏',22,'正常','沈辰辰','HY180260','2018-12-27 00:00:00',NULL,0,0,NULL),(338,'HY180259','HY180259','2019-01-23 00:00:00','企业','3个月','05719476','温州西子蓝环保科技有限公司','环境-环境',5,'环境-环境',13000,13000,12264.1509433962,'陈德藏',22,'正常','沈辰辰','HY180259','2018-12-27 00:00:00',NULL,0,0,NULL),(339,'HY180258','HY180258','2019-01-23 00:00:00','企业','3个月','05719476','温州西子蓝环保科技有限公司','环境-环境',5,'环境-环境',7800,7800,7358.49056603774,'陈德藏',22,'正常','沈辰辰','HY180258','2018-12-26 00:00:00',NULL,0,0,NULL),(340,'HY180257','HY180257','2019-01-23 00:00:00','企业','3个月','05719476','温州西子蓝环保科技有限公司','环境-环境',5,'环境-环境',7800,7800,7358.49056603774,'陈德藏',22,'正常','沈辰辰','HY180257','2018-12-27 00:00:00',NULL,0,0,NULL),(341,'A19-0001','A19-0001','2019-01-23 00:00:00','企业','3个月','05719477','沃茨水设备制造（宁波）有限公司','辐环-室内空气',8,'室内空气',9600,9600,9056.60377358491,'吴方明',34,'正常','王梦蝶','JZ19-01-0011','2019-01-17 00:00:00',NULL,0,0,NULL),(342,'HJ180040','HJ180040','2019-01-23 00:00:00','企业','3个月','05719478','宁波湛蓝环保技术服务有限公司','环境-环境',5,'环境-环境',10000,10000,9433.96226415094,'刘毅',15,'正常','王梦蝶','HJ180040','2018-09-02 00:00:00',NULL,0,0,NULL),(343,'HS185347','HS185347','2019-01-23 00:00:00','企业','3个月','05719479','宁波华晟轻工集团有限公司','环境-环境',5,'环境-环境',700,700,660.377358490566,'孙健超',17,'正常','贺苗妙','HS185347','2019-01-10 00:00:00',NULL,0,0,NULL),(344,'HJ185088','HJ185088','2019-01-23 00:00:00','企业','3个月','05719480','宁波乐驰汽车部件有限公司','环境-环境',5,'环境-环境',5000,5000,4716.98113207547,'王小明',24,'正常','沈辰辰','HJ185088','2019-01-04 00:00:00',NULL,0,0,NULL),(345,'HJ190149','HJ190149','2019-01-23 00:00:00','企业','3个月','05719481','宁波市海曙诚工钥匙厂','环境-环境',5,'环境-环境',1000,1000,943.396226415094,'杨正',4,'正常','沈辰辰','HJ190149','2019-01-10 00:00:00',NULL,0,0,NULL),(346,'JC181375','JC181375','2019-01-23 00:00:00','企业','3个月','05719483','桐乡市龙欣印染有限公司','职卫-职卫',9,'职卫-职卫',8500,8500,8018.8679245283,'胡亚芬',26,'正常','贺苗妙','JC181375','2019-01-14 00:00:00',NULL,0,0,NULL),(347,'HJ184327','HJ184327','2019-01-23 00:00:00','企业','3个月','05719484','宁波旭泰环境科技有限公司','环境-环境',5,'环境-环境',13000,13000,12264.1509433962,'刘毅',15,'正常','王梦蝶','HJ184327','2019-01-17 00:00:00',NULL,0,0,NULL),(348,'JC181275','JC181275','2019-01-24 00:00:00','企业','3个月','05719485','长兴新城环保有限公司','职卫-职卫',9,'职卫-职卫',6500,6500,6132.07547169811,'陈磊',13,'正常','贺苗妙','JC181275','2018-12-20 00:00:00',NULL,0,0,NULL),(349,'HS185346','HS185346','2019-01-24 00:00:00','企业','3个月','05719486','宁波立羊真空器皿有限公司','环境-环境',5,'环境-环境',1100,1100,1037.7358490566,'孙健超',17,'正常','王梦蝶','HS185346','2019-01-10 00:00:00',NULL,0,0,NULL),(350,'HJ190193','HJ190193','2019-01-24 00:00:00','企业','3个月','05719487','宁波宏之昊建筑装饰有限公司','环境-环境',5,'环境-环境',1000,1000,943.396226415094,'杨正',4,'正常','杨正','HJ190193','2019-01-20 00:00:00',NULL,0,0,NULL),(351,'HJ185086','HJ185086','2019-01-24 00:00:00','企业','3个月','05719487','宁波宏之昊建筑装饰有限公司','环境-环境',5,'环境-环境',1000,1000,943.396226415094,'杨正',4,'正常','杨正','HJ185086','2019-01-20 00:00:00',NULL,0,0,NULL),(352,'HJ180861','HJ180861','2019-01-24 00:00:00','企业','3个月','05719489','宁波市环境保护科学研究设计院','环境-环境',5,'环境-环境',49000,49000,46226.4150943396,'刘毅',15,'正常','王梦蝶','HJ180861','2019-01-15 00:00:00',NULL,0,0,NULL),(353,'HJ183542','HJ183542','2019-01-24 00:00:00','企业','3个月','05719490','宁波市环境保护科学研究设计院','环境-环境',5,'环境-环境',48000,48000,45283.0188679245,'刘毅',15,'正常','王梦蝶','HJ183542','2019-01-15 00:00:00',NULL,0,0,NULL),(354,'HJ180572','HJ180572','2019-01-24 00:00:00','企业','3个月','05719491','宁波市环境保护科学研究设计院','环境-环境',5,'环境-环境',100000,100000,94339.6226415094,'刘毅',15,'正常','王梦蝶','HJ180572','2019-01-15 00:00:00',NULL,0,0,NULL),(355,'HJ180572','HJ180572','2019-01-24 00:00:00','企业','3个月','05719492','宁波市环境保护科学研究设计院','环境-环境',5,'环境-环境',30358,30358,28639.6226415094,'刘毅',15,'正常','王梦蝶','HJ180572','2019-01-15 00:00:00',NULL,0,0,NULL),(356,'HJ182154','HJ182154','2019-01-24 00:00:00','企业','3个月','05719493','宁波市环境保护科学研究设计院','环境-环境',5,'环境-环境',100000,100000,94339.6226415094,'刘毅',15,'正常','王梦蝶','HJ182154','2019-01-15 00:00:00',NULL,0,0,NULL),(357,'HJ182154','HJ182154','2019-01-24 00:00:00','企业','3个月','05719494','宁波市环境保护科学研究设计院','环境-环境',5,'环境-环境',2260,2260,2132.07547169811,'刘毅',15,'正常','王梦蝶','HJ182154','2019-01-15 00:00:00',NULL,0,0,NULL),(358,'HJ181719','HJ181719','2019-01-24 00:00:00','企业','3个月','05719495','宁波市环境保护科学研究设计院','环境-环境',5,'环境-环境',49237,49237,46450,'刘毅',15,'正常','王梦蝶','HJ181719','2019-01-15 00:00:00',NULL,0,0,NULL),(359,'JC181349','JC181349','2019-01-24 00:00:00','企业','3个月','05719496','浙江天马轴承集团有限公司','职卫-职卫',9,'职卫-职卫',12000,12000,11320.7547169811,'陈磊',13,'正常','贺苗妙','JC181349','2019-01-24 00:00:00',NULL,0,0,NULL),(360,'ZWPJ180268','ZWPJ180268','2019-01-24 00:00:00','企业','3个月','05719497','士商（湖州）五金机电有限公司','职卫-职卫',9,'职卫-职卫控评',23000,23000,21698.1132075472,'陈磊',13,'正常','贺苗妙','ZWPJ180268','2019-01-16 00:00:00',NULL,0,0,NULL),(361,'HJ190151','HJ190151','2019-01-24 00:00:00','企业','3个月','05719498','宁波市润明电子科技有限公司','环境-环境',5,'环境-环境',3000,3000,2830.18867924528,'杨正',4,'正常','杨正','HJ190151','2019-01-05 00:00:00',NULL,0,0,NULL),(362,'HS185331','HS185331','2019-01-24 00:00:00','企业','3个月','05719499','宁波申洲针织有限公司','环境-环境',5,'环境-环境',1500,1500,1415.09433962264,'杨正',4,'正常','杨正','HS185331','2019-01-05 00:00:00',NULL,0,0,NULL),(363,'JC190020','JC190020','2019-01-24 00:00:00','企业','3个月','05719500','宁波北新建材有限公司','职卫-职卫',9,'职卫-职卫',5000,5000,4716.98113207547,'钟于洋',14,'正常','贺苗妙','JC190020','2019-01-01 00:00:00',NULL,0,0,NULL),(364,'HJ190016','HJ190016','2019-01-25 00:00:00','企业','3个月','05719501','浙江大世汽车座椅有限公司','环境-环境',5,'环境-环境',1500,1500,1415.09433962264,'徐磊杰',5,'正常',NULL,'HJ190016','2019-01-12 00:00:00',NULL,0,0,NULL),(365,'HY180125','HY180125','2019-01-25 00:00:00','企业','3个月','05719502','舟山良海粮油有限公司','环境-环境',5,'环境-环境',83000,83000,78301.8867924528,'王小明',24,'正常','沈辰辰','HY180125','2018-08-31 00:00:00',NULL,0,0,NULL),(366,'R19-0026','FJ-2019-0025','2019-01-25 00:00:00','企业','3个月','05719503','宁波时代汽车零部件有限公司','辐环-放射',10,'放射卫生',2000,2000,1886.79245283019,'陈超军',11,'正常','黄新源','FJ19-01-0087','2019-02-24 00:00:00',NULL,0,0,NULL),(367,'R19-0025','FJ-2019-0026','2019-01-25 00:00:00','企业','3个月','05719504','宁波佳豪密封管业有限公司','辐环-放射',10,'放射卫生',3000,3000,2830.18867924528,'陈超军',11,'正常','黄新源','FJ19-01-0068','2019-01-20 00:00:00',NULL,0,0,NULL),(368,'HJ184662','HJ184662','2019-01-25 00:00:00','企业','3个月','05719505','舟山市宝舟钢铁加工有限公司','环境-环境',5,'环境-环境',2000,2000,1886.79245283019,'杨正',4,'正常','沈辰辰','HJ184662','2019-01-10 00:00:00',NULL,0,0,NULL),(369,'HJ184513','HJ184513','2019-01-25 00:00:00','企业','3个月','05719506','宁波保税区市场发展有限公司','环境-环境',5,'环境-环境',3850,3850,3632.07547169811,'杨正',4,'正常','沈辰辰','HJ184513','2019-01-04 00:00:00',NULL,0,0,NULL),(370,'HY180233','HY180233','2019-01-25 00:00:00','企业','3个月','05719507','慈溪市铜业有限公司','环境-环境',5,'环境-环境',25000,25000,23584.9056603774,'杨正',4,'正常','沈辰辰','HY180233','2019-01-18 00:00:00',NULL,0,0,NULL),(371,'HS190363','HS190363','2019-01-25 00:00:00','企业','3个月','05719508','宁波卓新通讯接插件有限公司','环境-环境',5,'环境-环境',350,350,330.188679245283,'张莉',6,'正常','王梦蝶','HS190363','2019-01-22 00:00:00',NULL,0,0,NULL),(372,'HJ190027','HJ190027','2019-01-25 00:00:00','企业','3个月','05719509','宁波永峰混凝土有限公司','环境-环境',5,'环境-环境',3000,3000,2830.18867924528,'张莉',6,'正常','王梦蝶','HJ190027','2019-01-25 00:00:00',NULL,0,0,NULL),(373,'HY180267','HY180267','2019-01-25 00:00:00','企业','3个月','05719510','宁波三晋工程机械有限公司','环境-环境',5,'环境-环境',17000,17000,16037.7358490566,'王小明',24,'正常','沈辰辰','HY180267','2018-12-18 00:00:00',NULL,0,0,NULL),(374,'HJ184371','HJ184371','2019-01-25 00:00:00','企业','3个月','05719511','宁波豪生电池有限公司','环境-环境',5,'环境-环境',12000,12000,11320.7547169811,'王小明',24,'正常','沈辰辰','HJ184371','2018-12-24 00:00:00',NULL,0,0,NULL),(375,'HJ183810','HJ183810','2019-01-25 00:00:00','企业','3个月','05719512','宁波通达精密铸造有限公司','环境-环境',5,'环境-环境',2000,2000,1886.79245283019,'王小明',24,'正常','沈辰辰','HJ183810','2018-10-29 00:00:00',NULL,0,0,NULL),(376,'HJ184049','HJ184049','2019-01-25 00:00:00','企业','3个月','05719512','宁波通达精密铸造有限公司','环境-环境',5,'环境-环境',6000,6000,5660.37735849057,'王小明',24,'正常','沈辰辰','HJ184049','2018-12-06 00:00:00',NULL,0,0,NULL),(377,'HY180274','HY180274','2019-01-25 00:00:00','企业','3个月','05719513','宁波星锐能源科技有限公司','环境-环境',5,'环境-环境',18000,18000,16981.1320754717,'王小明',24,'正常','沈辰辰','HY180274','2019-01-04 00:00:00',NULL,0,0,NULL),(378,'JC181323','JC181323','2019-01-25 00:00:00','企业','3个月','05719514','宁波经纬易图数控科技有限公司','职卫-职卫',9,'职卫-职卫',5000,5000,4716.98113207547,'徐磊杰',5,'正常','徐磊杰','JC181323','2018-12-29 00:00:00',NULL,0,0,NULL),(379,'P19-0029-P19-0030','GW-2019-0029;GW-2019-0030','2019-01-25 00:00:00','企业','3个月','05719515','宁海西子国际大酒店有限公司','辐环-室内空气',8,'室内空气',7500,7500,7075.47169811321,'范娇君',19,'正常','熊小红','GW2019-0029.0030','2019-02-01 00:00:00',NULL,0,0,NULL),(380,'HS190311','HS190311','2019-01-25 00:00:00','企业','3个月','05719516','浙江海拓环境技术有限公司宁海分公司','环境-环境',5,'环境-环境',500,500,471.698113207547,'张莉',6,'正常','王梦蝶','HS190311','2019-01-25 00:00:00',NULL,0,0,NULL),(381,'P18-1798','GW-2018-1798','2019-01-02 00:00:00','企业','3个月','05887925','宁波凯迈大酒店有限公司','辐环-公共卫生',7,'公共卫生',1000,1000,943.3962264150942,'杨正',4,'正常','杨正','GW18-12-1798','2018-12-28 00:00:00',NULL,0,0,NULL),(382,'P18-1804','GW-2018-1804','2019-01-02 00:00:00','企业','3个月','05887926','宁波市北仑区名轩宾馆有限公司','辐环-公共卫生',7,'公共卫生',1100,1100,1037.7358490566037,'杨正',4,'正常','杨正','GW18-12-1804','2018-12-23 00:00:00',NULL,0,0,NULL),(383,'P18-1787','GW-2018-1787','2019-01-02 00:00:00','企业','3个月','05887927','宁波北仑星晖娱乐发展有限公司','辐环-公共卫生',7,'公共卫生',3500,3500,3301.88679245283,'杨正',4,'正常','杨正','GW18-12-1787','2018-12-20 00:00:00',NULL,0,0,NULL),(384,'P18-1778','GW-2018-1778','2019-01-02 00:00:00','企业','3个月','05887928','慈溪市周巷悦尚御皇汇足浴店','辐环-公共卫生',7,'公共卫生',3500,3500,3301.88679245283,'杨正',4,'正常','杨正','GW18-12-1778','2018-01-02 00:00:00',NULL,0,0,NULL),(385,'P18-1795','GW-2018-1795','2019-01-02 00:00:00','企业','3个月','05887929','宁波海曙康境环保技术开发有限公司','辐环-公共卫生',7,'公共卫生',1000,1000,943.3962264150942,'杨正',4,'正常','杨正','GW18-12-1795','2018-12-20 00:00:00',NULL,0,0,NULL),(386,'R18-0631','FJ-2018-0436','2019-01-02 00:00:00','企业','3个月','05887930','宁波市江北一太钢带厂','辐环-放射',10,'放射卫生',2500,2500,2358.490566037736,'陈超军',11,'正常','张克义','FJ18-12-1554','2018-12-27 00:00:00',NULL,0,0,NULL),(387,'P18-1748','GW-2018-1748','2019-01-02 00:00:00','企业','3个月','05887931','余姚辰茂河姆渡酒店有限公司','辐环-公共卫生',7,'公共卫生',-1000,0,-943.3962264150942,'杨正',4,'正常','杨正','GW18-12-1748','2018-12-10 00:00:00',NULL,0,0,NULL),(388,'R18-0447','FJ-2018-0053','2019-01-02 00:00:00','企业','3个月','05887933','宁波市鄞州人民医院','辐环-放射',10,'放射卫生',20000,20000,18867.924528301886,'陈超军',11,'正常','张文','FJ18-12-1489','2018-12-14 00:00:00',NULL,0,0,NULL),(389,'ZWPJ180258','ZWPJ180258','2019-01-03 00:00:00','企业','3个月','05887934','安吉旺能环境科技有限公司','职卫-职卫',9,'职卫-职卫控评',-30000,0,-28301.886792452828,'陈磊',13,'正常','贺苗妙','ZWPJ2018-058','2018-11-08 00:00:00',NULL,0,0,NULL),(390,'ZWPJ180258','ZWPJ180258','2019-01-03 00:00:00','企业','3个月','05887935','安吉旺能环境科技有限公司','职卫-职卫',9,'职卫-职卫控评',30000,30000,28301.886792452828,'陈磊',13,'正常','贺苗妙','ZWPJ2018-058','2018-11-08 00:00:00',NULL,0,0,NULL),(391,'HJ182936','HJ182936','2019-01-03 00:00:00','企业','3个月','05887936','宁波市鄞州智仁环保技术咨询有限公司','环境-环境',5,'环境-环境',9000,9000,8490.566037735849,'刘毅',15,'正常','王梦蝶','HJ182936','2018-09-06 00:00:00',NULL,0,0,NULL),(392,'HJ183472','HJ183472','2019-01-03 00:00:00','企业','3个月','05887936','宁波市鄞州智仁环保技术咨询有限公司','环境-环境',5,'环境-环境',2500,2500,2358.490566037736,'刘毅',15,'正常','王梦蝶','HJ183472','2018-09-28 00:00:00',NULL,0,0,NULL),(393,'HJ182507','HJ182507','2019-01-03 00:00:00','企业','3个月','05887937','宁波市鄞州智仁环保技术咨询有限公司','环境-环境',5,'环境-环境',6000,6000,5660.377358490566,'刘毅',15,'正常','王梦蝶','HJ182507','2018-09-28 00:00:00',NULL,0,0,NULL),(394,'HJ182948','HJ182948','2019-01-03 00:00:00','企业','3个月','05887938','宁波市鄞州智仁环保技术咨询有限公司','环境-环境',5,'环境-环境',7800,7800,7358.490566037735,'张莉',6,'正常','王梦蝶','HJ182948','2018-10-19 00:00:00',NULL,0,0,NULL),(395,'P18-1818','GW-2018-1818','2019-01-03 00:00:00','企业','3个月','05887939','宁波市海曙脉迪娱乐有限公司','辐环-公共卫生',7,'公共卫生',1000,1000,943.3962264150942,'熊小红',12,'正常','熊小红','GW2019-01-0001','2018-01-03 00:00:00',NULL,0,0,NULL),(396,'P18-1819','GW-2018-1819','2019-01-03 00:00:00','企业','3个月','05887940','宁海尚高商务旅店有限公司','辐环-公共卫生',7,'公共卫生',2000,2000,1886.7924528301885,'范娇君',19,'正常','熊小红','GW-2018-1819','2018-01-03 00:00:00',NULL,0,0,NULL),(397,'R16-0432 ','FWKP2016-038','2019-01-03 00:00:00','企业','3个月','05887941','湖州浙北明州医院有限公司','辐环-放射',10,'放射卫生',54000,54000,50943.39622641509,'施晓军',35,'正常','施晓军','FWKP2017-031','2018-09-25 00:00:00',NULL,0,0,NULL),(398,'R16-0433','FWKP2016-038','2019-01-03 00:00:00','企业','3个月','05887942','湖州浙北明州医院有限公司','辐环-放射',10,'放射卫生控评',64000,64000,60377.35849056603,'施晓军',35,'正常','施晓军','FJ17-09-0686','2018-09-25 00:00:00',NULL,0,0,NULL),(399,'P18-1792','GW-2018-1792','2019-01-03 00:00:00','企业','3个月','05887943','宁波市城市阳光大酒店有限公司','辐环-公共卫生',7,'公共卫生',1000,1000,943.3962264150942,'杨正',4,'正常','沈辰辰','GW18-12-1792','2018-12-17 00:00:00',NULL,0,0,NULL),(400,'HJ181455','HJ181455','2019-01-03 00:00:00','企业','3个月','05887944','宁波市海曙区高桥镇人民政府','环境-环境',5,'环境-环境',2000,2000,1886.7924528301885,'翁际渊',9,'正常','沈辰辰','HJ181455','2018-12-29 00:00:00',NULL,0,0,NULL),(401,'HJ183333','HJ183333','2019-01-03 00:00:00','企业','3个月','05887944','宁波市海曙区高桥镇人民政府','环境-环境',5,'环境-环境',1000,1000,943.3962264150942,'翁际渊',9,'正常','沈辰辰','HJ183333','2018-09-27 00:00:00',NULL,0,0,NULL),(402,'HS185080','HS185080','2019-01-03 00:00:00','企业','3个月','05887944','宁波市海曙区高桥镇人民政府','环境-环境',5,'环境-环境',2000,2000,1886.7924528301885,'翁际渊',9,'正常','沈辰辰','HS185080','2018-12-22 00:00:00',NULL,0,0,NULL),(403,'R18-0256','FWKP2018-047','2019-01-03 00:00:00','企业','3个月','05887945','湖州辐安防护工程有限公司','辐环-放射',10,'放射卫生控评',8000,8000,7547.169811320754,'陈超军',11,'正常','樊怡娴','FWKP2018-024','2018-06-01 00:00:00',NULL,0,0,NULL),(404,'R18-0097','FWYP2018-064','2019-01-03 00:00:00','企业','3个月','15213086','湖州辐安防护工程有限公司','辐环-放射',10,'放射卫生预评',7000,7000,6603.77358490566,'朱华斌',36,'正常','樊怡娴','FWKP2018-016','2018-03-01 00:00:00',NULL,0,0,NULL),(405,'P18-1821','GW-2018-1821','2019-01-04 00:00:00','企业','3个月','15213087','宁波市北仑如玉酒店','辐环-公共卫生',7,'公共卫生',1000,1000,943.3962264150942,'施骏迪',37,'正常','王梦蝶','GW2018-1821','2018-01-03 00:00:00',NULL,0,0,NULL),(406,'P18-1820','GW-2018-1820','2019-01-04 00:00:00','企业','3个月','15213088','宁波市鄞州汉象酒店（普通合伙）','辐环-公共卫生',7,'公共卫生',800,800,754.7169811320755,'熊小红',12,'正常','王梦蝶','gw2019-01-1820','2018-01-02 00:00:00',NULL,0,0,NULL),(407,'P18-1822-P18-1823','GW-2018-1822','2019-01-04 00:00:00','企业','3个月','15213089','宁海文雅足浴会所','辐环-公共卫生',7,'公共卫生',6000,6000,5660.377358490566,'范娇君',19,'正常','王梦蝶','GW2019-01-1822.1829','2018-01-05 00:00:00',NULL,0,0,NULL),(408,'HJ184916','HJ184916','2019-01-04 00:00:00','企业','3个月','15213090','宁波第二技师学院','环境-环境',5,'环境-环境',1200,1200,1132.0754716981132,'杨正',4,'正常','王梦蝶','HJ184916','2019-01-01 00:00:00',NULL,0,0,NULL),(409,'HJ185054','HJ185054','2019-01-04 00:00:00','企业','3个月','15213091','宁波市北仑中学','环境-环境',5,'环境-环境',1200,1200,1132.0754716981132,'杨正',4,'正常','王梦蝶','HJ185054','2018-12-28 00:00:00',NULL,0,0,NULL),(410,'R19-0004','FJ-2019-0007','2019-01-04 00:00:00','企业','3个月','15213092','舟山市普陀区东港街道社区卫生服务中心','辐环-放射',10,'放射卫生',2500,2500,2358.490566037736,'陈超军',11,'正常','黄新源','FJ19-01-0003/04','2018-01-07 00:00:00',NULL,0,0,NULL),(411,'R17-0413','FJ-2017-0403','2019-01-04 00:00:00','企业','3个月','15213093','宁波甬康综合门诊部有限公司','辐环-放射',10,'放射卫生',9000,9000,8490.566037735849,'陈超军',11,'正常','黄新源','FJ18-12-1566','2018-12-27 00:00:00',NULL,0,0,NULL),(412,'R18-0635','FJ-2019-0002','2019-01-08 00:00:00','企业','3个月','15213094','长兴县吕山乡卫生院','辐环-放射',10,'放射卫生',1500,1500,1415.0943396226414,'陈超军',11,'正常','张澍','FJ18-12-1576/77','2018-12-29 00:00:00',NULL,0,0,NULL),(413,'R18-0603','FJ-2019-0005','2019-01-10 00:00:00','企业','3个月','15213097','安吉县中医医院','辐环-放射',10,'放射卫生',10000,10000,9433.962264150943,'陈超军',11,'正常','黄新源 ','FJ18-12-1562','2018-12-27 00:00:00',NULL,0,0,NULL),(414,'R18-0578','FWKP2018-042','2019-01-10 00:00:00','企业','3个月','15213098','绍兴第二医院医共体王坛分院','辐环-放射',10,'放射卫生控评',12000,12000,11320.754716981131,'陈超军',11,'正常','黄新源 ','FWKP2018-069','2018-12-01 00:00:00',NULL,0,0,NULL),(415,'P19-0010','GW-2019-0010','2019-01-11 00:00:00','企业','3个月','15213099','宁波市镇海区新云龙商务宾馆','辐环-公共卫生',7,'公共卫生',1000,1000,943.3962264150942,'杨正',4,'正常','杨正','GW19-01-0010','2019-01-11 00:00:00',NULL,0,0,NULL),(416,'P18-1769','GW-2018-1769','2019-01-11 00:00:00','企业','3个月','15213100','宁海县心泉房地产开发有限公司','辐环-公共卫生',7,'公共卫生',-1800,0,-1698.1132075471696,'范娇君',19,'正常','杨正','GW18-12-1769','2018-12-13 00:00:00',NULL,0,0,NULL),(417,'HJ184853','HJ184853','2019-01-11 00:00:00','企业','3个月','15213101','温岭市箬横镇人民政府','环境-环境',5,'环境-环境',1000,1000,943.3962264150942,'李倩',23,'正常','沈辰辰','HJ184853','2018-12-28 00:00:00',NULL,0,0,NULL),(418,'HS185035','HS185035','2019-01-11 00:00:00','企业','3个月','15213102','温岭市箬横镇人民政府','环境-环境',5,'环境-环境',2500,2500,2358.490566037736,'李倩',23,'正常','沈辰辰','HS185035','2018-12-28 00:00:00',NULL,0,0,NULL),(419,'HJ181270','HJ181270','2019-01-11 00:00:00','企业','3个月','15213103','宁波市鄞州智仁环保技术咨询有限公司','环境-环境',5,'环境-环境',20000,20000,18867.924528301886,'张莉',6,'正常','王梦蝶','HJ181270','2018-12-28 00:00:00',NULL,0,0,NULL),(420,'R18-0417','FWYP2018-048','2019-01-14 00:00:00','企业','3个月','15213104','湖州康复医院有限公司','辐环-放射',10,'放射卫生预评',10000,10000,9433.962264150943,'陈超军',11,'正常','张文','FWYP2018-049','2018-09-01 00:00:00',NULL,0,0,NULL),(421,'R18-0418','FWKP2018-035','2019-01-14 00:00:00','企业','3个月','15213105','湖州康复医院有限公司','辐环-放射',10,'放射卫生控评',10000,10000,9433.962264150943,'陈超军',11,'正常','张文','FWKP2018-070','2018-12-01 00:00:00',NULL,0,0,NULL),(422,'JC181381','JC181381','2019-01-14 00:00:00','企业','3个月','15213106','舟山市普陀区明峰石材经营部','职卫-职卫',9,'职卫-职卫',3000,3000,2830.188679245283,'徐磊杰',5,'正常','徐磊杰','JC181381','2019-01-07 00:00:00',NULL,0,0,NULL),(423,'P19-0001','GW-2019-0001','2019-01-14 00:00:00','企业','3个月','15213107','宁波奉化星辉娱乐会所(普通合伙)','辐环-公共卫生',7,'公共卫生',1500,1500,1415.0943396226414,'杨正',4,'正常','沈辰辰','GW2019-0001','2019-01-14 00:00:00',NULL,0,0,NULL),(424,'P18-1762','GW-2018-1762','2019-01-14 00:00:00','企业','3个月','15213109','宁波得力物业服务有限公司郁金花园游泳健身中心','辐环-公共卫生',7,'公共卫生',1500,1500,1415.0943396226414,'范娇君',19,'正常','熊小红','GW2018-12-1762','2018-12-11 00:00:00',NULL,0,0,NULL),(425,'HJ184872','HJ184872','2019-01-15 00:00:00','企业','3个月','15213110','宁波鄞州新城王毅餐馆','环境-环境',5,'环境-环境',2000,2000,1886.7924528301885,'张莉',6,'正常','王梦蝶','HJ184872','2019-01-10 00:00:00',NULL,0,0,NULL),(426,'HJ185167','HJ185167','2019-01-16 00:00:00','企业','3个月','15213111','宁波市海曙区广济中心小学','环境-环境',5,'环境-环境',3000,3000,2830.188679245283,'杨正',4,'正常','杨正','HJ185167','2019-01-03 00:00:00',NULL,0,0,NULL),(427,'HS185304','HS185304','2019-01-16 00:00:00','企业','3个月','15213112','浙江大学宁波理工学院','环境-环境',5,'环境-环境',3300,3300,3113.2075471698113,'张莉',6,'正常','王梦蝶','HS185304','2018-12-28 00:00:00',NULL,0,0,NULL),(428,'P18-1815','GW-2018-1815','2019-01-16 00:00:00','企业','3个月','15213113','宁波市四明职业高级中学','辐环-公共卫生',7,'公共卫生',400,400,377.35849056603774,'杨正',4,'正常',NULL,'GW18-12-1815','2018-12-24 00:00:00',NULL,0,0,NULL),(429,'P19-0014','GW-2019-0014','2019-01-16 00:00:00','企业','3个月','15213114','宁波杭州湾新区智尚宾馆','辐环-公共卫生',7,'公共卫生',1000,1000,943.3962264150942,'杨正',4,'正常',NULL,'GW19-01-0014','2019-01-11 00:00:00',NULL,0,0,NULL),(430,'R19-0016','FJ-2019-0016','2019-01-17 00:00:00','企业','3个月','15213118','宁波市奉化区妇幼保健院','辐环-放射',10,'放射卫生',3000,3000,2830.188679245283,'陈超军',11,'正常','黄新源','FJ19-01-0057','2019-01-17 00:00:00',NULL,0,0,NULL),(431,'R19-0015','FJ-2019-0015','2019-01-17 00:00:00','企业','3个月','15213119','安吉仁安医院(普通合伙）','辐环-放射',10,'放射卫生',3600,3600,3396.2264150943392,'陈超军',11,'正常','黄新源','FJ19-01-0051','2019-01-16 00:00:00',NULL,0,0,NULL),(432,' R18-0343','FJ-2018-0244','2019-01-17 00:00:00','企业','3个月','15213120','绍兴文理学院附属医院','辐环-放射',10,'放射卫生',25194,24681,23283.96226415094,'陈超军',11,'正常','董萍','FJ18-12-1580/1581','2018-12-29 00:00:00',NULL,0,0,NULL),(433,'R18-0341','FHYS2018-022','2019-01-17 00:00:00','企业','3个月','15213121','绍兴文理学院附属医院','辐环-放射',10,'放射卫生',8313,997.5,941.0377358490565,'陈超军',11,'正常','董萍','领证协助没有报告号',NULL,NULL,0,0,NULL),(434,'R18-0340','FWYP2018-038','2019-01-17 00:00:00','企业','3个月','15213122','绍兴文理学院附属医院','辐环-放射',10,'放射卫生控评',87115,22942.5,21643.867924528302,'陈超军',11,'正常','董萍','FWKP2019-003','2019-01-01 00:00:00',NULL,0,0,NULL),(435,'HJ190319','HJ190319','2019-01-18 00:00:00','企业','3个月','15213123','宁波市奉化区民雄汽摩配件厂','环境-环境',5,'环境-环境',1200,1200,1132.0754716981132,'杨正',4,'正常','杨正','HJ190319','2019-01-10 00:00:00',NULL,0,0,NULL),(436,'HJ190295','HJ190295','2019-01-18 00:00:00','企业','3个月','15213124','宁波智森机械有限公司','环境-环境',5,'环境-环境',1200,1200,1132.0754716981132,'杨正',4,'正常','杨正','HJ190295','2019-01-20 00:00:00',NULL,0,0,NULL),(437,'S18-0097','JNJC2018-015','2019-01-21 00:00:00','企业','3个月','15213125','杭州绿龙环保科技有限责任公司','节能-节能',11,'电气防爆安全',4000,4000,3773.584905660377,'冯建林',38,'正常','包俊飞','AJ19-01-0003','2019-01-14 00:00:00',NULL,0,0,NULL),(438,'S18-0096','JNJC2018-011','2019-01-21 00:00:00','企业','3个月','15213126','杭州绿龙环保科技有限责任公司','节能-节能',11,'电气防爆安全',4000,4000,3773.584905660377,'冯建林',38,'正常','包俊飞','AJ19-01-0002','2019-01-09 00:00:00',NULL,0,0,NULL),(439,'HJ185236','HJ185236','2019-01-21 00:00:00','企业','3个月','15213127','宁波市奉化区职业教育中心学校','环境-环境',5,'环境-环境',1200,1200,1132.0754716981132,'杨正',4,'正常',NULL,'HJ185236','2019-01-05 00:00:00',NULL,0,0,NULL),(440,'S18-0155','JNJC2019-003','2019-01-22 00:00:00','企业','3个月','15213128','宁海县经济和信息化局','节能-节能',11,'节能量审核',26000,26000,24528.30188679245,'陈钊增',16,'正常','陈钊增','ZYJS2018-0362~0375','2019-01-01 00:00:00',NULL,0,0,NULL),(441,'A19-0010','A19-0010','2019-01-23 00:00:00','企业','3个月','15213129','湖州市吴兴区东林镇人民政府','辐环-室内空气',8,'室内空气',4500,4500,4245.2830188679245,'丁凯翔',39,'正常',NULL,'JZ19-01-0013','2019-01-21 00:00:00',NULL,0,0,NULL),(442,'HY180279','HY180279','2019-01-23 00:00:00','企业','3个月','15213130','温州求是环保科技有限公司','环境-环境',5,'环境-环境',7800,7800,7358.490566037735,'陈德藏',22,'正常','沈辰辰','HY180279','2019-01-14 00:00:00',NULL,0,0,NULL),(443,'HY180209','HY180209','2019-01-23 00:00:00','企业','3个月','15213130','温州求是环保科技有限公司','环境-环境',5,'环境-环境',8800,8800,8301.88679245283,'陈德藏',22,'正常','沈辰辰','HY180209','2018-12-20 00:00:00',NULL,0,0,NULL),(444,'HJ185185','HJ185185','2019-01-24 00:00:00','企业','3个月','15213131','宁波市拘留所','环境-环境',5,'环境-环境',2000,2000,1886.7924528301885,'张莉',6,'正常','王梦蝶','HJ185185','2019-01-17 00:00:00',NULL,0,0,NULL),(445,'P19-0022','P19-0022','2019-01-24 00:00:00','企业','3个月','15213132','慈溪市观海卫景城岛商务酒店','辐环-公共卫生',7,'公共卫生',1000,1000,943.3962264150942,'杨正',4,'正常','杨正','GW19-01-0022','2019-01-20 00:00:00',NULL,0,0,NULL),(446,'P19-0028','GW-2019-0028','2019-01-24 00:00:00','企业','3个月','15213133','宁波麦川酒店管理有限公司','辐环-公共卫生',7,'公共卫生',1000,1000,943.3962264150942,'杨正',4,'正常','杨正','GW19-01-0028','2019-01-20 00:00:00',NULL,0,0,NULL),(447,'P19-0033','GW-2019-0033','2019-01-25 00:00:00','企业','3个月','15213134','宁波滨江假日商务酒店有限公司','辐环-公共卫生',7,'公共卫生',1500,1500,1415.0943396226414,'杨正',4,'正常','杨正','GW19-01-0033','2018-01-20 00:00:00',NULL,0,0,NULL),(448,'R19-0017','FJ-2019-0018','2019-01-25 00:00:00','企业','3个月','15213135','宁波健利康生物研究科技有限公司','辐环-放射',10,'放射卫生',4500,4500,4245.2830188679245,'陈超军',11,'正常','黄新源','FJ19-01-0061','2019-01-19 00:00:00',NULL,0,0,NULL),(449,'HJ183834','HJ183834','2019-01-21 00:00:00','企业','3个月','05719446','道达尔石化（宁波）有限公司','环境-环境',5,'环境-环境',12920,12920,12188.679245283,'何小燕',43,'正常','沈辰辰','HJ183834','2018-12-20 00:00:00',NULL,0,0,NULL),(450,'HJ181599','HJ181599','2019-01-14 00:00:00','企业','3个月','15213108','浙江省海宁经济开发区管理委员会','环境-环境',5,'环境-环境',356000,71200,67169.81132075471,'何小燕',43,'正常','沈辰辰','HJ181599','2018-07-19 00:00:00',NULL,0,0,NULL);

/*Table structure for table `t_target` */

DROP TABLE IF EXISTS `t_target`;

CREATE TABLE `t_target` (
  `id` int(10) unsigned NOT NULL AUTO_INCREMENT,
  `name` varchar(100) DEFAULT NULL,
  `target` double DEFAULT NULL,
  `type` int(1) DEFAULT '0',
  `year` date DEFAULT NULL,
  `user_id` int(11) DEFAULT '0',
  `group_id` int(11) DEFAULT '0',
  `gmt_create` datetime DEFAULT NULL,
  `gmt_modified` datetime DEFAULT NULL,
  PRIMARY KEY (`id`)
) ENGINE=InnoDB AUTO_INCREMENT=1112 DEFAULT CHARSET=utf8mb4;

/*Data for the table `t_target` */

insert  into `t_target`(`id`,`name`,`target`,`type`,`year`,`user_id`,`group_id`,`gmt_create`,`gmt_modified`) values (1,'111',1111,0,'2019-02-15',1,0,NULL,NULL),(3,'1111',2222,0,'2018-12-31',2,0,NULL,NULL),(4,'1111',11,0,'2017-12-31',2,0,NULL,NULL),(1111,'111',1111,0,'2026-01-01',1,0,NULL,NULL);

/*Table structure for table `t_user` */

DROP TABLE IF EXISTS `t_user`;

CREATE TABLE `t_user` (
  `id` int(10) unsigned NOT NULL AUTO_INCREMENT,
  `name` varchar(100) DEFAULT NULL,
  `dep_id` int(11) DEFAULT NULL,
  `type` int(1) DEFAULT '0',
  `gmt_create` datetime DEFAULT NULL,
  `gmt_modified` datetime DEFAULT NULL,
  `password` varchar(100) DEFAULT NULL,
  PRIMARY KEY (`id`),
  UNIQUE KEY `name` (`name`)
) ENGINE=InnoDB AUTO_INCREMENT=44 DEFAULT CHARSET=utf8mb4;

/*Data for the table `t_user` */

insert  into `t_user`(`id`,`name`,`dep_id`,`type`,`gmt_create`,`gmt_modified`,`password`) values (4,'杨正',5,2,NULL,NULL,'96e79218965eb72c92a549dd5a330112'),(5,'徐磊杰',7,1,NULL,NULL,'96e79218965eb72c92a549dd5a330112'),(6,'张莉',7,0,NULL,NULL,'96e79218965eb72c92a549dd5a330112'),(7,'井瑜',7,2,NULL,NULL,'3f6374df179056f62a8ddc8443a7d374'),(8,'王青',5,0,NULL,NULL,NULL),(9,'翁际渊',5,0,NULL,NULL,NULL),(10,'郑刚超',7,0,NULL,NULL,NULL),(11,'陈超军',5,0,NULL,NULL,NULL),(12,'熊小红',7,0,NULL,NULL,NULL),(13,'陈磊',5,0,NULL,NULL,NULL),(14,'钟于洋',7,0,NULL,NULL,NULL),(15,'刘毅',9,0,NULL,NULL,NULL),(16,'陈钊增',7,0,NULL,NULL,NULL),(17,'孙健超',7,0,NULL,NULL,NULL),(18,'郑尚涛',7,0,NULL,NULL,NULL),(19,'范娇君',7,0,NULL,NULL,NULL),(20,'章佳文',7,0,NULL,NULL,NULL),(21,'吴美杰',7,0,NULL,NULL,NULL),(22,'陈德藏',7,0,NULL,NULL,NULL),(23,'李倩',7,0,NULL,NULL,NULL),(24,'王小明',7,0,NULL,NULL,NULL),(25,'褚震',7,0,NULL,NULL,NULL),(26,'胡亚芬',7,0,NULL,NULL,NULL),(27,'吴烨铿',7,0,NULL,NULL,NULL),(28,'廖桂陶',7,0,NULL,NULL,NULL),(29,'沈辰辰',7,0,NULL,NULL,NULL),(30,'宋康康',7,0,NULL,NULL,NULL),(31,'樊怡娴',7,0,NULL,NULL,NULL),(33,'鲁升翔',7,0,NULL,NULL,NULL),(34,'吴方明',7,0,NULL,NULL,NULL),(35,'施晓军',7,0,NULL,NULL,NULL),(36,'朱华斌',7,0,NULL,NULL,NULL),(37,'施骏迪',7,0,NULL,NULL,NULL),(38,'冯建林',7,0,NULL,NULL,NULL),(39,'丁凯翔',7,0,NULL,NULL,NULL),(40,'陈晓贝',7,0,NULL,NULL,NULL),(43,'何小燕',7,0,NULL,NULL,NULL);

/*!40101 SET SQL_MODE=@OLD_SQL_MODE */;
/*!40014 SET FOREIGN_KEY_CHECKS=@OLD_FOREIGN_KEY_CHECKS */;
/*!40014 SET UNIQUE_CHECKS=@OLD_UNIQUE_CHECKS */;
/*!40111 SET SQL_NOTES=@OLD_SQL_NOTES */;
